date,trade_goods,eurusd,hicp,interest_rate,bdi,cti,fx_vol,cds_spread,tpu,gtrends_export,gtrends_import,ntl,ecb_sentiment,sentiment_dispersion,bdf_sentiment,bdf_momentum,trade_goods_lag1,trade_goods_lag3,trade_goods_lag12,eurusd_lag1,hicp_lag1,interest_rate_lag1
2008-01-01,-4864.0,1.4717909090909,3.2,4.4815455,92.18,53927940000.0,8.745007997149294,12.227272727272886,0.3207423686981201,23.0,53.0,123.3037,0.002200994052385029,0.47736202498056607,0.20534999999999998,0.029854171504439354,,,,,,
2008-02-01,-2242.0,1.4748380952381,3.2,4.3620952,94.99,53734060000.0,7.945291522720696,12.714285714285989,0.3178538382053375,18.0,46.0,121.5756,0.13164569031108508,0.40021937877708685,0.18384999999999962,-0.21324408217453864,-4864.0,,,1.4717909090909,3.2,4.4815455
2008-03-01,-3051.0,1.5526526315789,3.5,4.5963684,103.64,55464890000.0,8.438934035971863,22.052631578947015,0.28178608417510986,31.0,63.0,124.1169,0.027280724965609036,0.573634372147813,0.15490999999999958,-0.28703645293632846,-2242.0,,,1.4748380952381,3.2,4.3620952
2008-04-01,-2846.0,1.57505,3.4,4.7835,109.07,55908040000.0,11.043629466935874,22.999999999999954,0.22168736159801483,21.0,39.0,129.1995,0.09871739811367458,0.5494984665125442,0.11473000000000014,-0.39851847543128865,-3051.0,-4864.0,,1.5526526315789,3.5,4.5963684
2008-05-01,-4651.0,1.5557,3.7,4.857381,122.8,53145970000.0,8.074693486935228,20.809523809524055,0.2930850386619568,18.0,39.0,123.8119,-0.06880442053079605,0.5012514384528649,0.06918000000000006,-0.4517799043279114,-2846.0,-2242.0,,1.57505,3.4,4.7835
2008-06-01,-4734.0,1.5552761904762,4.0,4.9405238,132.32,54839230000.0,10.159684792375458,20.952380952380967,0.42732253670692444,20.0,40.0,133.4689,0.11179384961724281,0.4644340160503769,0.02757000000000005,-0.41270168647825184,-4651.0,-3051.0,,1.5557,3.7,4.857381
2008-07-01,-4007.0,1.5769695652174,4.0,4.961,132.72,56021920000.0,9.071230169297866,19.95652173913003,0.5548399686813354,13.0,44.0,130.9276,0.11272253898473886,0.4652031527639128,-0.017185999999999525,-0.4439047507815539,-4734.0,-2846.0,,1.5552761904762,4.0,4.9405238
2008-08-01,-5302.0,1.4975380952381,3.5,4.9651905,113.24,52724370000.0,10.21337660380531,19.761904761904958,0.6540091633796692,17.0,35.0,79.49174,0.009174303574995562,0.3804023833684284,-0.06754700000000043,-0.49949698708799817,-4007.0,-4651.0,,1.5769695652174,4.0,4.961
2008-09-01,-4531.0,1.43695,3.4,5.0191818,97.23,50512200000.0,13.575171864823888,26.590909090908887,0.48818591237068176,17.0,41.0,127.4714,-0.1534397938977117,0.43242459614058565,-0.14367699999999956,-0.7550824174859155,-5302.0,-4734.0,,1.4975380952381,3.5,4.9651905
2008-10-01,-4878.0,1.3322086956522,3.0,5.113087,71.58,44306890000.0,17.20454435695998,29.652173913043,0.3373945653438568,38.0,45.0,135.9085,-0.15778128306070963,0.31628676606281847,-0.24682499999999977,-1.0,-4531.0,-4007.0,,1.43695,3.4,5.0191818
2008-11-01,-5522.0,1.273215,1.9,4.2383,52.45,41529710000.0,18.72087325652044,42.34999999999998,0.3074739873409271,23.0,42.0,124.1169,-0.06048248542679681,0.3987595590532063,-0.3623019999999997,-1.0,-4878.0,-5302.0,,1.3322086956522,3.0,5.113087
2008-12-01,-2194.0,1.3449428571429,1.2,3.292619,39.95,43061430000.0,18.823255348474397,49.21052631578906,0.3504977822303772,17.0,39.0,108.3609,0.09010881536147174,0.3750461034588051,-0.4560519999999997,-0.9298433815750083,-5522.0,-4531.0,,1.273215,1.9,4.2383
2009-01-01,-3993.0,1.3238666666667,0.8,2.4565238,43.44,38756690000.0,26.283344518934314,52.90476190476201,0.4146653413772583,25.0,52.0,107.3443,-0.0005916924703688849,0.5527254018188329,-0.49157600000000057,-0.35233873372876207,-2194.0,-4878.0,-4864.0,1.3449428571429,1.2,3.292619
2009-02-01,-3402.0,1.27847,1.0,1.94305,43.32,37250630000.0,16.77077288893838,55.25000000000002,0.2557159960269928,24.0,36.0,110.4956,-0.14980070363907588,0.5633905508260457,-0.5029750000000007,-0.11305903687011869,-3993.0,-5522.0,-2242.0,1.3238666666667,0.8,2.4565238
2009-03-01,-3625.0,1.3049818181818,0.4,1.6354545,46.54,36810200000.0,15.253065636632241,63.04545454545498,0.21164388954639435,26.0,38.0,124.6252,-0.0049165040254592896,0.27177337225409365,-0.49063900000000016,0.12235251152117109,-3402.0,-2194.0,-3051.0,1.27847,1.0,1.94305
2009-04-01,-3216.0,1.31903,0.1,1.4223,50.18,36831880000.0,17.856845968483263,52.70000000000002,0.3940138816833496,18.0,30.0,118.9327,-0.3148745894432068,0.3931382871507249,-0.4425269999999998,0.4771906642595967,-3625.0,-3993.0,-2846.0,1.3049818181818,0.4,1.6354545
2009-05-01,-1745.0,1.365045,-0.3,1.2817,57.3,39944130000.0,13.53996454668238,42.899999999999984,0.2445339411497116,21.0,45.0,117.0013,-0.16941933448498064,0.664612655243495,-0.3843199999999996,0.5773161995875911,-3216.0,-3402.0,-4651.0,1.31903,0.1,1.4223
2009-06-01,-2537.0,1.4016454545455,-0.6,1.2279091,68.61,39754150000.0,13.535180571698106,42.63636363636398,0.35344991087913513,10.0,36.0,125.1334,0.22457624857242292,0.5128946591009915,-0.3346950000000007,0.49219709664702704,-1745.0,-3625.0,-4734.0,1.365045,-0.3,1.2817
2009-07-01,-319.0,1.4087695652174,-0.8,0.9749565,64.44,42402640000.0,10.030748279710478,39.217391304348006,0.29420754313468933,9.0,33.0,122.0839,-0.0063895583152771,0.6373582099831929,-0.2964609999999993,0.3792174064121613,-2537.0,-3216.0,-4007.0,1.4016454545455,-0.6,1.2279091
2009-08-01,-3460.0,1.4268,-0.2,0.8604762,72.51,41794290000.0,9.578903993513029,28.476190476189966,0.2240716964006424,10.0,36.0,74.81576,0.07898786332872179,0.5529560868078276,-0.25461300000000053,0.4150622488762651,-319.0,-1745.0,-5302.0,1.4087695652174,-0.8,0.9749565
2009-09-01,-2691.0,1.4561636363636,-0.4,0.7720909,67.65,42751270000.0,8.63486525165866,32.68181818181799,0.6221783757209778,22.0,46.0,121.8806,0.12320054854665484,0.60731635434751,-0.20767199999999947,0.4655763005281434,-3460.0,-2537.0,-4531.0,1.4268,-0.2,0.8604762
2009-10-01,-2868.0,1.4816363636364,-0.2,0.7375,72.77,43630810000.0,7.238457608327995,35.090909090909065,0.4516037404537201,27.0,49.0,127.0648,0.20323462411761284,0.5300355760022386,-0.17172199999999976,0.35656394205462694,-2691.0,-319.0,-4878.0,1.4561636363636,-0.4,0.7720909
2009-11-01,-5123.0,1.4914476190476,0.5,0.7161905,76.66,42731240000.0,8.378906714652619,34.285714285713986,0.28208744525909424,18.0,44.0,125.54,0.30725546444163604,0.5956553640867867,-0.14652300000000054,0.249931982637951,-2868.0,-3460.0,-5522.0,1.4816363636364,-0.2,0.7375
2009-12-01,-3689.0,1.4613590909091,1.0,0.7120455,74.46,42801770000.0,10.499778082740736,34.14999999999999,0.3419422209262848,17.0,23.0,102.2618,0.19628600031137466,0.5275398519601123,-0.1308329999999998,0.1556185883404007,-5123.0,-2691.0,-2194.0,1.4914476190476,0.5,0.7161905
2010-01-01,-4095.0,1.42721,1.2,0.67975,76.17,44202550000.0,10.082752687722218,26.250000000000018,0.3179415166378021,15.0,35.0,102.3634,0.1718057680130005,0.47672476713464257,-0.12525600000000026,0.05531452308312957,-3689.0,-2868.0,-3993.0,1.4613590909091,1.0,0.7120455
2010-02-01,-2769.0,1.36857,1.4,0.6617,73.75,42502020000.0,8.9811385817649,33.00000000000001,0.3094848096370697,14.0,47.0,104.5997,0.07765564864332025,0.5191520563395167,-0.11869599999999991,0.06506424088674533,-4095.0,-5123.0,-3402.0,1.42721,1.2,0.67975
2010-03-01,-3971.0,1.356852173913,1.7,0.6449565,78.83,43052510000.0,9.208970781227162,33.782608695651994,0.23418408632278442,25.0,33.0,122.8971,0.2574993185698986,0.39794664578873973,-0.08878100000000018,0.2967068241047054,-2769.0,-3689.0,-3625.0,1.36857,1.4,0.6617
2010-04-01,-3236.0,1.34057,1.9,0.6447,84.82,42856200000.0,9.411947269544495,33.55000000000001,0.2669419050216675,21.0,31.0,117.4079,0.23736670884219083,0.3520834563705002,-0.06344299999999947,0.25131063042504764,-3971.0,-4095.0,-3216.0,1.356852173913,1.7,0.6449565
2010-05-01,-5291.0,1.2565333333333,1.9,0.6865238,75.95,39830230000.0,13.438375557578173,34.57142857142901,0.3753241300582886,19.0,36.0,119.4409,0.41275019305092947,0.4176272170253184,-0.05970099999999974,0.037114388627769966,-3236.0,-2769.0,-1745.0,1.34057,1.9,0.6447
2010-06-01,-2537.0,1.22085,1.7,0.7275909,74.76,41270670000.0,13.754495841575697,52.68181818181796,0.3405572772026062,14.0,34.0,127.1665,0.22356675565242767,0.4691524660359313,-0.05569600000000037,0.03972290926087811,-5291.0,-3971.0,-2537.0,1.2565333333333,1.9,0.6865238
2010-07-01,-1903.0,1.277,1.9,0.8488182,75.58,43747840000.0,10.728273498954254,37.40909090909108,0.18991348147392273,11.0,36.0,117.4079,0.028058301657438278,0.5046876605202184,-0.02710299999999961,0.2835947926333324,-2537.0,-3236.0,-319.0,1.22085,1.7,0.7275909
2010-08-01,-5459.0,1.2894181818182,1.6,0.8955,77.04,42788380000.0,10.257180971615922,33.00000000000001,0.2065107226371765,20.0,36.0,77.76366,0.4603459257632494,0.4295674034009135,0.014470000000000028,0.4123347082903198,-1903.0,-5291.0,-3460.0,1.277,1.9,0.8488182
2010-09-01,-4886.0,1.3067,1.8,0.8805,77.84,43257240000.0,9.104814814718658,37.954545454545,0.24968349933624268,19.0,40.0,120.0508,0.2795349491967095,0.5000372612029479,0.05309000000000026,0.3830458815618884,-5459.0,-2537.0,-2691.0,1.2894181818182,1.6,0.8955
2010-10-01,-3232.0,1.389780952381,1.8,0.9976667,82.67,45803050000.0,10.23848110329748,37.42857142857101,0.36167553067207336,17.0,32.0,123.202,0.30201247464055603,0.3979308128030803,0.07330999999999932,0.20054862053808847,-4886.0,-1903.0,-2868.0,1.3067,1.8,0.8805
2010-11-01,-6001.0,1.3660954545455,1.8,1.0420455,85.28,47113350000.0,12.76426592052087,46.727272727273,0.35638168454170227,27.0,34.0,120.7624,0.11451957954300775,0.3834800220917201,0.08349999999999938,0.10106777662132678,-3232.0,-5459.0,-5123.0,1.389780952381,1.8,0.9976667
2010-12-01,-4808.0,1.3220130434783,2.0,1.0216957,91.45,44144250000.0,11.43577307789146,42.52380952380999,0.41542354226112366,14.0,36.0,93.21474,0.28798289597034454,0.4582727821481642,0.1144999999999996,0.30746821150747167,-6001.0,-4886.0,-3689.0,1.3660954545455,1.8,1.0420455
2011-01-01,-6812.0,1.3359666666667,2.0,1.0172381,96.52,47251800000.0,11.877738909855902,42.33333333333293,0.354789674282074,19.0,41.0,109.9873,0.2129503091176351,0.44523138700170034,0.15268999999999977,0.37878099991839703,-4808.0,-3232.0,-4095.0,1.3220130434783,2.0,1.0216957
2011-02-01,-5522.0,1.364895,1.8,1.08675,103.72,48531240000.0,8.32975357048135,40.10000000000002,0.3403860330581665,20.0,39.0,107.9543,0.22183788220087688,0.5478432505065888,0.17265000000000014,0.19796985489320018,-6812.0,-6001.0,-2769.0,1.3359666666667,2.0,1.0172381
2011-03-01,-5546.0,1.3999173913043,2.2,1.1755217,114.64,49899430000.0,8.086224066032232,39.82608695652199,1.324238896369934,23.0,47.0,119.8475,0.31393565734227497,0.39439917639301564,0.1883499999999998,0.15571777163442457,-5522.0,-4808.0,-3971.0,1.364895,1.8,1.08675
2011-04-01,-5887.0,1.4441789473684,2.2,1.3212105,123.26,51151900000.0,9.12603763509939,34.947368421053014,0.7799921035766602,19.0,39.0,109.479,0.21333103853723276,0.3631232424056924,0.1816199999999995,-0.06675035688533426,-5546.0,-6812.0,-3236.0,1.3999173913043,2.2,1.1755217
2011-05-01,-6714.0,1.4348636363636,2.2,1.4250909,114.99,50137700000.0,12.49792927130511,42.909090909091006,0.5069798827171326,15.0,31.0,124.6252,0.31107845376519594,0.605997923067567,0.16036,-0.21086368311769807,-5887.0,-5522.0,-5291.0,1.4441789473684,2.2,1.3212105
2011-06-01,-4977.0,1.4388409090909,2.3,1.4885909,113.83,50985490000.0,11.484529915714585,53.90909090909099,0.4068699777126312,14.0,28.0,114.155,0.21970974857156927,0.4370440934853794,0.1378,-0.22375751134221003,-6714.0,-5546.0,-2537.0,1.4348636363636,2.2,1.4250909
2011-07-01,-4760.0,1.4264285714286,2.1,1.597619,116.97,50162160000.0,11.666514945337106,65.619047619048,0.3613569438457489,10.0,32.0,109.784,0.26774926649199593,0.5054467971395522,0.0952699999999993,-0.42182654952944815,-4977.0,-5887.0,-1903.0,1.4388409090909,2.3,1.4885909
2011-08-01,-5432.0,1.4343217391304,2.4,1.552087,110.22,52224590000.0,12.697438889552117,76.65217391304301,0.4459100067615509,10.0,33.0,77.66201,0.23618862558813655,0.41131572609667494,0.0409000000000006,-0.5392595696664746,-4760.0,-6714.0,-5459.0,1.4264285714286,2.1,1.597619
2011-09-01,-5694.0,1.377,2.4,1.5364545,112.83,48727790000.0,10.24311014110222,81.09090909090901,0.2982954680919647,20.0,36.0,115.5781,-0.039448253486467445,0.4151513344770945,-0.006371000000000038,-0.46884934923128335,-5432.0,-4977.0,-4886.0,1.4343217391304,2.4,1.552087
2011-10-01,-5669.0,1.3706333333333,2.5,1.5758571,109.55,48659330000.0,12.833104089919678,98.76190476190496,0.32309043407440186,20.0,34.0,116.5947,-0.06678015987078349,0.42407020892097824,-0.03801899999999989,-0.31389528896091445,-5694.0,-4760.0,-3232.0,1.377,2.4,1.5364545
2011-11-01,-3857.0,1.3555727272727,2.7,1.4846818,110.77,50727790000.0,14.130343001660812,153.59090909090904,0.5159224271774292,29.0,32.0,118.4244,-0.1632006626862746,0.6835500868975091,-0.05856299999999948,-0.20376215926481692,-5669.0,-5432.0,-6001.0,1.3706333333333,2.5,1.5758571
2011-12-01,-4036.0,1.3179047619048,2.7,1.4260952,107.87,46276910000.0,9.580682588554003,123.23809523809501,0.38034382462501526,17.0,34.0,96.36594,-0.070597343146801,0.5628033418850168,-0.07626499999999936,-0.17557426710016735,-3857.0,-5694.0,-4808.0,1.3555727272727,2.7,1.4846818
2012-01-01,-6440.0,1.2904863636364,2.6,1.2222273,110.69,47628770000.0,9.405151723396939,135.90909090909105,0.4011887013912201,21.0,35.0,106.9377,-0.015756309032440186,0.5688809603549624,-0.08429900000000004,-0.07968385842745859,-4036.0,-5669.0,-6812.0,1.3179047619048,2.7,1.4260952
2012-02-01,-5596.0,1.3224095238095,2.5,1.0482857,119.33,48691410000.0,10.836183649565028,116.80952380952401,0.5675109624862671,25.0,37.0,91.48666,-0.11957149505615235,0.38538351062673604,-0.07400999999999983,0.10204969123227157,-6440.0,-3857.0,-5522.0,1.2904863636364,2.6,1.2222273
2012-03-01,-3954.0,1.3201,2.6,0.8584545,125.45,48292760000.0,9.267538187196958,111.95454545454501,0.434512734413147,19.0,32.0,110.0889,0.18160223563512165,0.4537904623208066,-0.05953399999999931,0.14357773644458982,-5596.0,-4036.0,-5546.0,1.3224095238095,2.5,1.0482857
2012-04-01,-5659.0,1.3161736842105,2.4,0.7443158,119.75,48130250000.0,8.14124134606706,136.578947368421,0.4970593750476837,14.0,30.0,104.4981,0.011904090642929077,0.49390333080977944,-0.057153999999999885,0.023605623980245197,-3954.0,-6440.0,-5887.0,1.3201,2.6,0.8584545
2012-05-01,-4736.0,1.2788909090909,2.3,0.6849091,110.34,48178610000.0,6.843791618785743,141.318181818182,0.3576589524745941,17.0,35.0,107.446,0.17627847720594966,0.5389653083397766,-0.06537600000000054,-0.08154850435531023,-5659.0,-5596.0,-6714.0,1.3161736842105,2.4,0.7443158
2012-06-01,-4492.0,1.2526285714286,2.3,0.6588571,95.16,45671360000.0,8.70401458880628,126.95238095238099,0.3329218626022339,14.0,28.0,112.2236,-0.04181051254272461,0.5318561983686477,-0.07762699999999967,-0.12150945352186253,-4736.0,-3954.0,-4977.0,1.2788909090909,2.3,0.6849091
2012-07-01,-3652.0,1.2288454545455,2.2,0.4970455,102.62,45199130000.0,9.043091009028338,103.77272727272697,0.3889252543449402,13.0,28.0,113.1385,0.10025466890896068,0.6158976602540797,-0.08779200000000031,-0.10081981838624597,-4492.0,-5659.0,-4760.0,1.2526285714286,2.3,0.6588571
2012-08-01,-5018.0,1.2399956521739,2.4,0.3323913,113.36,47040970000.0,9.20253797979435,77.826086956522,0.22795216739177704,11.0,27.0,75.12071,-0.18408099114894866,0.688626594482096,-0.09859500000000025,-0.10714771254565077,-3652.0,-4736.0,-5432.0,1.2288454545455,2.2,0.4970455
2012-09-01,-3455.0,1.28557,2.2,0.2463,112.86,48320790000.0,7.208587983172845,74.95000000000003,0.23088763654232025,18.0,36.0,104.9047,0.0010939522793418483,0.46582443448273536,-0.11315500000000042,-0.14441087611447767,-5018.0,-4492.0,-5694.0,1.2399956521739,2.4,0.3323913
2012-10-01,-4591.0,1.2974173913043,2.1,0.207913,111.71,47745240000.0,7.018390035898534,72.304347826087,0.30006977915763855,15.0,34.0,118.2211,0.008413591555186681,0.6280995199995438,-0.1379320000000007,-0.2457464476296985,-3455.0,-3652.0,-5669.0,1.28557,2.2,0.2463
2012-11-01,-3574.0,1.2827727272727,1.6,0.192,109.06,46839220000.0,6.682709178231324,80.409090909091,0.29805201292037964,15.0,31.0,115.8831,-0.02500213761078684,0.6994425310588114,-0.13550599999999946,0.024061867132822632,-4591.0,-5018.0,-3857.0,1.2974173913043,2.1,0.207913
2012-12-01,-3308.0,1.3119368421053,1.5,0.1854737,109.49,47484130000.0,7.188303574113993,71.05882352941197,0.38831934332847595,15.0,32.0,92.40153,-0.09840768575668335,0.6444390641658141,-0.1253140000000002,0.10108761328012592,-3574.0,-3455.0,-4036.0,1.2827727272727,1.6,0.192
2013-01-01,-6131.0,1.3288045454545,1.4,0.2049091,112.96,48672210000.0,8.822227132755176,65.77272727272698,0.9394150376319885,18.0,31.0,97.17916,-0.08575742244720459,0.6072231043022654,-0.11214400000000069,0.13062439824365224,-3308.0,-4591.0,-6440.0,1.3119368421053,1.5,0.1854737
2013-02-01,-3121.0,1.335905,1.2,0.22335,116.05,48683880000.0,8.887215891727456,69.65,0.5920662879943848,20.0,29.0,98.09402,0.0615372508764267,0.6068034487398066,-0.10320399999999949,0.08866986486700461,-6131.0,-3574.0,-5596.0,1.3288045454545,1.4,0.2049091
2013-03-01,-1335.0,1.29636,1.1,0.20605,108.47,48304280000.0,10.770213754903553,71.54999999999998,0.3723140060901642,15.0,36.0,104.2948,-0.03721617868072108,0.5342646183062162,-0.10581099999999992,-0.025857084754842052,-3121.0,-3308.0,-3954.0,1.335905,1.2,0.22335
2013-04-01,-2634.0,1.3026,0.8,0.2089048,102.25,49070770000.0,8.074113886843973,60.380952380952,0.37436357140541077,19.0,28.0,107.8526,-0.15212791363398234,0.6353660184166979,-0.1139880000000005,-0.0811021795321535,-1335.0,-6131.0,-5659.0,1.29636,1.1,0.20605
2013-05-01,-4432.0,1.2982045454545,0.9,0.2012273,102.56,47068810000.0,8.045298069927604,57.590909090909,0.4545782506465912,13.0,30.0,108.2592,-0.19039961837586902,0.582454208359661,-0.10069199999999938,0.1318741077485052,-2634.0,-3121.0,-4736.0,1.3026,0.8,0.2089048
2013-06-01,-2578.0,1.318875,1.0,0.21025,102.92,47401610000.0,7.03296992455917,67.95,0.4147798717021942,15.0,29.0,112.4269,0.030965689569711685,0.6637636108402882,-0.07497699999999981,0.2550498406101434,-4432.0,-1335.0,-4492.0,1.2982045454545,0.9,0.2012273
2013-07-01,-4291.0,1.3080130434783,1.2,0.2214348,107.93,47134990000.0,9.14418292279972,68.434782608696,0.2513352036476135,13.0,27.0,116.6963,-0.14202731251716613,0.6174563705436551,-0.050584999999999526,0.2419278908093639,-2578.0,-2634.0,-3652.0,1.318875,1.0,0.21025
2013-08-01,-3396.0,1.33095,1.0,0.2258636,111.28,48395250000.0,5.753247777985112,62.49999999999998,0.49741727113723755,10.0,28.0,72.57941,0.17296209186315536,0.7433184072598092,-0.03555199999999985,0.1491022459223125,-4291.0,-4432.0,-5018.0,1.3080130434783,1.2,0.2214348
2013-09-01,-5090.0,1.3347904761905,1.0,0.2232381,111.6,48691650000.0,5.927674286067568,60.19047619047602,0.6388055086135864,14.0,32.0,110.8005,-0.07217259407043457,0.6381697680562447,-0.029089000000000455,0.06410216293459967,-3396.0,-2578.0,-3455.0,1.33095,1.0,0.2258636
2013-10-01,-3475.0,1.3634956521739,0.7,0.2258261,109.08,49925130000.0,6.058702345928333,62.78260869565202,0.3472096621990204,17.0,30.0,120.6607,-0.04877975157329014,0.45401411156190064,-0.02285799999999938,0.061801110513012014,-5090.0,-4291.0,-4591.0,1.3347904761905,1.0,0.2232381
2013-11-01,-3206.0,1.3492904761905,0.8,0.223381,107.79,48512630000.0,7.232861164400542,59.28571428571401,0.6059458255767822,23.0,34.0,111.4104,-0.19242383802638335,0.5880989970104782,-0.017753000000000442,0.05063307160468725,-3475.0,-3396.0,-3574.0,1.3634956521739,0.7,0.2258261
2013-12-01,-3343.0,1.37036,0.8,0.2735,110.76,49517600000.0,4.967790271038919,53.222222222222015,0.2997502088546753,17.0,41.0,96.97586,0.14169209844925823,0.5377246724141848,-0.0026210000000006064,0.1500841605332573,-3206.0,-5090.0,-3308.0,1.3492904761905,0.8,0.223381
2014-01-01,-7028.0,1.3610227272727,0.8,0.2920455,108.12,49793110000.0,6.192798426063044,62.40909090909099,0.29457974433898926,16.0,35.0,102.5667,-0.11070332593388027,0.6425576695702785,0.011409999999999343,0.13916407986004153,-3343.0,-3475.0,-6131.0,1.37036,0.8,0.2735
2014-02-01,-2506.0,1.36585,1.1,0.2881,108.9,50681660000.0,5.641533976773395,69.15,0.36914142966270447,21.0,36.0,99.72046,-0.03203152616818746,0.47862179599217536,0.011879999999999313,0.004661614819629082,-7028.0,-3206.0,-3121.0,1.3610227272727,0.8,0.2920455
2014-03-01,-3014.0,1.3822523809524,0.8,0.3053333,107.48,50081530000.0,7.222391523380031,64.142857142857,0.7181395292282104,20.0,36.0,105.9212,0.029947201410929363,0.5514407417755788,0.014010000000000388,0.021126041629394857,-2506.0,-3343.0,-1335.0,1.36585,1.1,0.2881
2014-04-01,-3587.0,1.38125,0.8,0.32975,107.76,50164270000.0,4.942986444133642,57.34999999999999,0.41408684849739075,19.0,34.0,106.0229,-0.08951881527900696,0.6150267566006481,0.0051400000000001,-0.08797558180875298,-3014.0,-7028.0,-2634.0,1.3822523809524,0.8,0.3053333
2014-05-01,-3616.0,1.3732142857143,0.8,0.3245714,109.54,49590840000.0,5.3683350963092265,51.285714285714,0.3574788272380829,13.0,35.0,102.3634,-0.08295679688453675,0.5136756438283848,-0.02465700000000055,-0.29553646123510535,-3587.0,-2506.0,-4432.0,1.38125,0.8,0.32975
2014-06-01,-3689.0,1.3592380952381,0.6,0.2414286,111.8,49322760000.0,4.209818036111188,44.571428571428996,0.43623095750808716,11.0,33.0,109.5807,0.02609537477078645,0.558348546094171,-0.05314599999999956,-0.28256328637535455,-3616.0,-3014.0,-2578.0,1.3732142857143,0.8,0.3245714
2014-07-01,-3798.0,1.3539173913043,0.6,0.2050435,106.77,49004480000.0,3.3621511511255844,44.56521739130401,0.8551031351089478,11.0,33.0,110.3939,0.09445273876190186,0.5762065570731385,-0.06486500000000035,-0.11623290227923475,-3689.0,-3587.0,-4291.0,1.3592380952381,0.6,0.2414286
2014-08-01,-4441.0,1.3316095238095,0.5,0.1915714,101.61,48068630000.0,3.0824132017943207,45.38095238095239,0.6869155168533325,12.0,29.0,67.59847,-0.016647094174435263,0.5717054806613004,-0.06563699999999954,-0.007656950299468356,-3798.0,-3616.0,-3396.0,1.3539173913043,0.6,0.2050435
2014-09-01,-3553.0,1.2901363636364,0.4,0.0970909,97.09,47935760000.0,5.099585502535959,42.8636363636364,0.8349390029907227,15.0,35.0,106.5311,0.046929627656936646,0.4504209485569806,-0.05021600000000035,0.15295055773085287,-4441.0,-3689.0,-5090.0,1.3316095238095,0.5,0.1915714
2014-10-01,-2749.0,1.2672739130435,0.5,0.0826087,87.43,46865930000.0,7.531875187410985,46.9090909090909,0.2927533984184265,24.0,37.0,114.5616,0.029487717151641845,0.3329367939460407,-0.03074500000000029,0.1931197918149018,-3553.0,-3798.0,-3475.0,1.2901363636364,0.4,0.0970909
2014-11-01,-1557.0,1.24722,0.4,0.0809,79.44,46643740000.0,7.845359515483416,42.099999999999994,0.38627126812934875,19.0,30.0,104.9047,0.093687170538409,0.41523321731471136,-0.019508000000000435,0.11145226750675447,-2749.0,-4441.0,-3206.0,1.2672739130435,0.5,0.0826087
2014-12-01,-3128.0,1.2331333333333,0.1,0.0809048,62.34,45581600000.0,7.763660460783567,33.105263157894704,0.26126715540885925,16.0,26.0,92.19822,-0.08642566800117493,0.3953227877210855,-0.01573400000000049,0.03743177516868298,-1557.0,-3553.0,-3343.0,1.24722,0.4,0.0809
2015-01-01,-3569.0,1.1621333333333,-0.4,0.0626667,47.76,43540740000.0,9.72653914427689,28.000000000000004,1.5873016119003296,15.0,33.0,95.55273,0.02523422084356609,0.4495159576090022,-0.0013519999999999754,0.142645413480664,-3128.0,-2749.0,-7028.0,1.2331333333333,0.1,0.0809048
2015-02-01,-2099.0,1.134965,-0.3,0.0482,58.1,43260960000.0,12.953001213163622,29.799999999999997,1.0764459371566772,13.0,35.0,94.33291,0.02523422084356609,0.4495159576090022,0.015680000000000405,0.16892898639984955,-3569.0,-1557.0,-2506.0,1.1621333333333,-0.4,0.0626667
2015-03-01,-3306.0,1.0837681818182,0.0,0.0271818,55.89,40682320000.0,9.403528304046818,28.272727272727305,0.5725584030151367,19.0,36.0,106.1245,0.26827487846215564,0.6507438603956492,0.029989999999999385,0.14193129376359914,-2099.0,-3128.0,-3014.0,1.134965,-0.3,0.0482
2015-04-01,-2011.0,1.07793,0.1,0.0047,59.52,41897060000.0,12.041384335709903,31.8,0.5441482663154602,15.0,30.0,102.1601,0.21291972582156843,0.48406054030772994,0.030339999999999635,0.003471415291215845,-3306.0,-3569.0,-3587.0,1.0837681818182,0.0,0.0271818
2015-05-01,-3042.0,1.114955,0.3,-0.0103684,64.08,42871960000.0,13.92633573924913,33.42105263157901,0.3377656042575836,15.0,32.0,99.0089,0.21291972582156843,0.48406054030772994,0.02488000000000028,-0.05415407854292208,-2011.0,-2099.0,-3616.0,1.07793,0.1,0.0047
2015-06-01,-339.0,1.1213227272727,0.3,-0.0139091,61.48,44450960000.0,13.206020191224633,40.7272727272727,0.519660472869873,15.0,27.0,111.3088,0.32707258065541583,0.5483869017783366,0.02530000000000001,0.004165698349453377,-3042.0,-3306.0,-3689.0,1.114955,0.3,-0.0103684
2015-07-01,-1739.0,1.0995782608696,0.2,-0.0187391,56.56,41901770000.0,10.727322147912542,40.000000000000014,0.7056582570075989,6.0,27.0,106.6328,0.1587345004081726,0.5276014489285202,0.033440000000000226,0.0807352013442215,-339.0,-2011.0,-3798.0,1.1213227272727,0.3,-0.0139091
2015-08-01,-2713.0,1.1139047619048,0.1,-0.0276667,46.52,42154590000.0,10.263679820113206,40.1428571428571,0.41466403007507324,12.0,32.0,66.48031,0.1587345004081726,0.5276014489285202,0.039039999999999964,0.055542644659411236,-1739.0,-3042.0,-4441.0,1.0995782608696,0.2,-0.0187391
2015-09-01,-2748.0,1.1221181818182,0.1,-0.0370455,47.62,42311740000.0,11.212549759674102,34.59090909090911,0.5698625445365906,16.0,28.0,105.7179,-0.25645583495497704,0.6141723592424848,0.04266999999999967,0.03600353573458146,-2713.0,-339.0,-3553.0,1.1139047619048,0.1,-0.0276667
2015-10-01,-2966.0,1.1235090909091,0.2,-0.0535909,48.43,42199820000.0,9.687902639926909,35.1818181818182,0.40144357085227966,12.0,27.0,111.1055,0.018616775671641033,0.5529166680494826,0.04316000000000031,0.004859981407705002,-2748.0,-1739.0,-2749.0,1.1221181818182,0.1,-0.0370455
2015-11-01,-2944.0,1.0736,0.1,-0.087619,44.27,40540970000.0,9.408812485845791,36.3809523809524,2.799086809158325,20.0,31.0,110.5972,0.018616775671641033,0.5529166680494826,0.0409000000000006,-0.022415424451831957,-2966.0,-2713.0,-1557.0,1.1235090909091,0.2,-0.0535909
2015-12-01,-1387.0,1.0877181818182,0.3,-0.1263182,38.01,40930640000.0,9.514389638915343,38.45,2.060790777206421,14.0,30.0,90.9784,0.1700975361623262,0.4768029317692736,0.0613900000000001,0.20322656947702883,-2944.0,-2748.0,-3128.0,1.0736,0.1,-0.087619
2016-01-01,-4370.0,1.085965,0.3,-0.14615,30.7,41877060000.0,8.594489727272322,40.949999999999996,1.0103819370269775,20.0,34.0,95.45108,-0.07902343784059797,0.5245271698211794,0.09218999999999937,0.30548454562676886,-1387.0,-2966.0,-3569.0,1.0877181818182,0.3,-0.1263182
2016-02-01,-4576.0,1.1092952380952,-0.1,-0.1835714,32.18,41115120000.0,11.12582155537294,41.7142857142857,0.6311772465705872,20.0,37.0,93.82465,-0.07902343784059797,0.5245271698211794,0.11230000000000047,0.1994576043037273,-4370.0,-2944.0,-2099.0,1.085965,0.3,-0.14615
2016-03-01,-3954.0,1.1099666666667,-0.1,-0.2285238,38.21,41179370000.0,11.554780960041645,33.8571428571429,0.8691322207450867,20.0,35.0,99.31385,0.18450084659788343,0.5360186038636329,0.1077299999999994,-0.04532676537385372,-4576.0,-1387.0,-3306.0,1.1092952380952,-0.1,-0.1835714
2016-04-01,-2126.0,1.133919047619,-0.1,-0.2491905,41.58,41729040000.0,9.698237582469854,37.5714285714286,0.7250081300735474,23.0,27.0,98.09402,0.3404576430718104,0.5223677286798167,0.08238999999999948,-0.25133046708384676,-3954.0,-4370.0,-2011.0,1.1099666666667,-0.1,-0.2285238
2016-05-01,-1138.0,1.1311090909091,0.1,-0.2571818,46.74,42735420000.0,6.635086293644587,37.7142857142857,0.7875449657440186,17.0,35.0,103.075,0.3404576430718104,0.5223677286798167,0.04890000000000043,-0.33216485172209215,-2126.0,-4576.0,-3042.0,1.133919047619,-0.1,-0.2491905
2016-06-01,-1670.0,1.1228909090909,0.3,-0.2679091,48.25,41175520000.0,8.785443292178623,40.68181818181818,0.6607825756072998,15.0,31.0,108.3609,0.2515356701153975,0.39314931845374634,0.021250000000000567,-0.27424180800585446,-1138.0,-3954.0,-339.0,1.1311090909091,0.1,-0.2571818
2016-07-01,-2639.0,1.1068523809524,0.4,-0.2945238,44.95,41230600000.0,10.69324798874086,32.4285714285714,1.0705691576004028,11.0,25.0,102.77,0.18378627927679764,0.5162194425786139,0.007019999999999982,-0.14113782741133774,-1670.0,-2126.0,-1739.0,1.1228909090909,0.3,-0.2679091
2016-08-01,-4370.0,1.1211739130435,0.4,-0.2982174,45.84,42249150000.0,6.9485341866396855,28.1739130434783,0.6667355895042419,7.0,24.0,72.27446,0.18378627927679764,0.5162194425786139,0.010970000000000368,0.03917740114369752,-2639.0,-1138.0,-2713.0,1.1068523809524,0.4,-0.2945238
2016-09-01,-3102.0,1.1212090909091,0.5,-0.3016364,46.57,41599980000.0,6.916661090616516,26.40909090909091,0.6049606800079346,17.0,36.0,105.6163,0.13292844966053963,0.5209929703133431,0.030349999999999967,0.19221722383918172,-4370.0,-1670.0,-2748.0,1.1211739130435,0.4,-0.2982174
2016-10-01,-3649.0,1.1026047619048,0.5,-0.309,49.52,40298800000.0,6.648695439062552,32.800000000000004,0.6429763436317444,17.0,31.0,110.8005,0.05054527521133423,0.4653721475387647,0.04749000000000052,0.1700001659754257,-3102.0,-2639.0,-2966.0,1.1212090909091,0.5,-0.3016364
2016-11-01,-3387.0,1.0798954545455,0.7,-0.3126818,44.73,41461060000.0,7.316595600744793,48.09090909090911,0.6307368874549866,19.0,35.0,111.7154,0.05054527521133423,0.4653721475387647,0.06204000000000036,0.1443116928204397,-3649.0,-4370.0,-2944.0,1.1026047619048,0.5,-0.309
2016-12-01,2706.0,1.0542904761905,0.8,-0.3157619,53.31,42475040000.0,9.889106054028135,49.809523809523796,0.6870269775390625,15.0,31.0,91.99492,0.3497541546821594,0.42974140392984506,0.08238999999999948,0.20183800336053967,-3387.0,-3102.0,-1387.0,1.0798954545455,0.7,-0.3126818
2017-01-01,-9523.0,1.0614409090909,1.6,-0.3255455,54.58,39516990000.0,11.244904272606354,60.90909090909089,0.5470016002655029,18.0,36.0,95.55273,0.31163887679576874,0.40610629124288355,0.10601999999999948,0.2343701238039194,2706.0,-3649.0,-4370.0,1.0542904761905,0.8,-0.3157619
2017-02-01,-5772.0,1.064265,1.4,-0.3286,54.87,40787280000.0,8.479452671410773,77.2,0.5341997742652893,20.0,33.0,99.31385,0.31163887679576874,0.40610629124288355,0.12485999999999961,0.1868613259613151,-9523.0,-3387.0,-4576.0,1.0614409090909,1.6,-0.3255455
2017-03-01,-3084.0,1.0684695652174,1.4,-0.3293478,51.59,41932720000.0,6.700927097466434,67.17391304347831,0.4422226548194885,19.0,37.0,106.7344,-0.03280486872321681,0.48349029770223284,0.1343999999999994,0.0946208625090708,-5772.0,2706.0,-3954.0,1.064265,1.4,-0.3286
2017-04-01,-3567.0,1.0722666666667,1.4,-0.3303889,52.31,41772630000.0,7.190707919371079,65.4444444444444,0.7617946863174438,23.0,36.0,101.1436,0.09101780255635579,0.450266749376795,0.14745999999999954,0.12953338200927697,-3084.0,-9523.0,-2126.0,1.0684695652174,1.4,-0.3293478
2017-05-01,-3104.0,1.10575,0.9,-0.3294545,50.33,45049370000.0,6.564726589403827,47.36363636363641,0.5991064310073853,17.0,36.0,107.751,0.09101780255635579,0.450266749376795,0.1555000000000007,0.0797433684038842,-3567.0,-5772.0,-1138.0,1.0722666666667,1.4,-0.3303889
2017-06-01,-2233.0,1.1229454545455,0.8,-0.33,46.37,43990270000.0,4.987190938248127,40.952380952381,0.7378740906715393,12.0,28.0,110.1906,0.23237037658691406,0.6736692265145431,0.15674999999999956,0.012397911754322168,-3104.0,-3084.0,-1670.0,1.10575,0.9,-0.3294545
2017-07-01,-4892.0,1.1511142857143,0.8,-0.3304286,48.48,45094040000.0,6.271816013166618,38.428571428571395,0.5298574566841125,8.0,25.0,105.9212,0.3346444567044576,0.5922691055639198,0.16021999999999964,0.034416603030030475,-2233.0,-3567.0,-2639.0,1.1229454545455,0.8,-0.33
2017-08-01,-4666.0,1.1806739130435,1.0,-0.329087,51.7,46799200000.0,6.984064616386547,36.3913043478261,0.5821405649185181,11.0,29.0,72.78272,0.3346444567044576,0.5922691055639198,0.17416000000000054,0.13826151188433558,-4892.0,-3104.0,-4370.0,1.1511142857143,0.8,-0.3304286
2017-09-01,-3363.0,1.1914571428571,1.1,-0.329381,56.15,48291320000.0,9.149080153561936,35.2857142857143,0.6441304087638855,10.0,33.0,104.2948,-0.04543371613209064,0.46319962764766304,0.19399999999999978,0.19677965536477285,-4666.0,-2233.0,-3102.0,1.1806739130435,1.0,-0.329087
2017-10-01,-3914.0,1.1755863636364,1.2,-0.3295455,57.51,46449620000.0,7.12958202522639,43.75000000000001,0.5843681693077087,16.0,31.0,115.0699,0.2072757532199224,0.3664963884961367,0.19869000000000056,0.046516964902266957,-3363.0,-4892.0,-3649.0,1.1914571428571,1.1,-0.329381
2017-11-01,-3381.0,1.1738,1.2,-0.329,62.71,47072250000.0,7.272502466407053,41.181818181818194,0.34085169434547424,14.0,36.0,114.9682,0.2072757532199224,0.3664963884961367,0.1996600000000001,0.00962077952135795,-3914.0,-4666.0,-3387.0,1.1755863636364,1.2,-0.3295455
2017-12-01,1366.0,1.1836210526316,1.2,-0.3278947,64.37,50005830000.0,6.789171996344174,37.315789473684205,0.3107008934020996,11.0,30.0,94.43456,0.17017186771739612,0.5016813574045437,0.21033000000000043,0.10582857473499382,-3381.0,-3363.0,2706.0,1.1738,1.2,-0.329
2018-01-01,-6606.0,1.21995,1.5,-0.3284545,69.08,49080100000.0,6.932764482970803,37.5454545454545,0.4468546509742737,11.0,33.0,95.14613,0.1139230877161026,0.3525763397471605,0.2210899999999995,0.10672122438129318,1366.0,-3914.0,-9523.0,1.1836210526316,1.2,-0.3278947
2018-02-01,-7409.0,1.23478,1.3,-0.3285,65.32,49308700000.0,7.565017865943744,32.099999999999994,0.3068911135196686,17.0,35.0,98.09402,0.1139230877161026,0.3525763397471605,0.21611000000000047,-0.04939328042925504,-6606.0,-3381.0,-5772.0,1.21995,1.5,-0.3284545
2018-03-01,-4166.0,1.233619047619,1.7,-0.3279048,66.02,50399850000.0,8.287391343210095,30.047619047619,0.6572092771530151,15.0,35.0,101.0419,0.07775498855681647,0.5163430503739388,0.20726999999999976,-0.0876780319266532,-7409.0,1366.0,-3084.0,1.23478,1.3,-0.3285
2018-04-01,-4358.0,1.22763,1.8,-0.32845,72.11,50393340000.0,5.7406642448892535,30.000000000000004,1.0193063020706177,19.0,32.0,103.9898,0.10445206222080049,0.34040220264096493,0.20656000000000035,-0.0070420138764555554,-4166.0,-6606.0,-3567.0,1.233619047619,1.7,-0.3279048
2018-05-01,-6508.0,1.1812227272727,2.3,-0.3252273,76.98,47407920000.0,6.211367924936701,34.0,0.9832758903503418,16.0,22.0,100.2287,0.10445206222080049,0.34040220264096493,0.2004000000000005,-0.06109690912535377,-4358.0,-7409.0,-3104.0,1.22763,1.8,-0.32845
2018-06-01,-3110.0,1.1678285714286,2.3,-0.3220476,74.41,47600710000.0,8.634319243022983,42.2857142857143,0.6608566641807556,13.0,31.0,110.9022,0.11293090879917145,0.4900084627158673,0.19346000000000033,-0.06883320606006095,-6508.0,-4166.0,-2233.0,1.1812227272727,2.3,-0.3252273
2018-07-01,-1288.0,1.1685727272727,2.6,-0.3207273,74.25,48923060000.0,7.8941076992904895,39.545454545454504,0.5123169422149658,9.0,26.0,111.3088,0.11206496655941009,0.5524801974644118,0.17348999999999962,-0.19806903818723814,-3110.0,-4358.0,-4892.0,1.1678285714286,2.3,-0.3220476
2018-08-01,-6512.0,1.1548956521739,2.6,-0.319,72.53,47119350000.0,8.15006156433873,40.913043478260896,0.3403950333595276,11.0,29.0,72.78272,0.11206496655941009,0.5524801974644118,0.1474800000000002,-0.2579757477841646,-1288.0,-6508.0,-4666.0,1.1685727272727,2.6,-0.3207273
2018-09-01,-4469.0,1.16587,2.5,-0.31885,78.89,47845440000.0,6.836524643371466,39.95,0.32759344577789307,14.0,32.0,106.6328,-0.01408866518422177,0.6035494750225053,0.12382999999999952,-0.23456849039199532,-6512.0,-3110.0,-3363.0,1.1548956521739,2.6,-0.319
2018-10-01,-3852.0,1.1484043478261,2.5,-0.3176957,81.03,49225460000.0,6.671147430949845,42.09090909090909,0.5396276116371155,21.0,31.0,114.6633,0.10800854976360615,0.5198884409651109,0.10571000000000055,-0.1797201287908075,-4469.0,-1288.0,-3914.0,1.16587,2.5,-0.31885
2018-11-01,-2966.0,1.1366863636364,2.2,-0.3163636,64.75,46884930000.0,7.077011982124753,44.5909090909091,0.5298181772232056,15.0,40.0,114.2567,0.10800854976360615,0.5198884409651109,0.09742999999999995,-0.08212376746071066,-3852.0,-6512.0,-3381.0,1.1484043478261,2.5,-0.3176957
2018-12-01,277.0,1.1384210526316,1.9,-0.3118947,57.36,48607120000.0,6.8980698026132385,51.2941176470588,0.38019242882728577,13.0,27.0,93.62135,-0.009375000701231114,0.4888329344249879,0.0865700000000004,-0.10771305732164459,-2966.0,-4469.0,1366.0,1.1366863636364,2.2,-0.3163636
2019-01-01,-5830.0,1.1416409090909,1.4,-0.308,59.41,48540380000.0,6.155769042832845,51.7272727272727,0.3612409830093384,14.0,28.0,95.24778,-0.009375000701231114,0.4888329344249879,0.07622999999999962,-0.1025555260318539,277.0,-3852.0,-6606.0,1.1384210526316,1.9,-0.3118947
2019-02-01,-5727.0,1.135115,1.6,-0.30845,63.96,48702540000.0,4.756497903109138,49.45,0.6231706142425537,14.0,30.0,102.8717,-0.009375000701231114,0.4888329344249879,0.06328000000000031,-0.1284423657748876,-5830.0,-2966.0,-7409.0,1.1416409090909,1.4,-0.308
2019-03-01,-5232.0,1.1302476190476,1.3,-0.3091905,66.14,49000430000.0,4.604976406288425,42.9047619047619,0.32952365279197693,16.0,31.0,106.8361,-0.009375000701231114,0.4888329344249879,0.05729999999999933,-0.05931160983274096,-5727.0,277.0,-4166.0,1.135115,1.6,-0.30845
2019-04-01,-4477.0,1.123825,1.5,-0.31045,71.23,48164260000.0,4.695333778555382,40.949999999999996,0.5103411078453064,16.0,28.0,103.9898,-0.009375000701231114,0.4888329344249879,0.05391999999999939,-0.033523953383717026,-5232.0,-5830.0,-4358.0,1.1302476190476,1.3,-0.3091905
2019-05-01,-2686.0,1.1184590909091,1.1,-0.3118636,71.32,49838210000.0,4.978884001812133,43.4545454545455,0.5114759802818298,11.0,29.0,107.2427,-0.009375000701231114,0.4888329344249879,0.05981000000000023,0.05841896018642751,-4477.0,-5727.0,-6508.0,1.123825,1.5,-0.31045
2019-06-01,-3487.0,1.12934,1.4,-0.3289,64.22,47699520000.0,4.373615861952359,39.526315789473706,0.5436189770698547,13.0,28.0,109.3774,-0.009375000701231114,0.4888329344249879,0.04609999999999985,-0.13598029612153295,-2686.0,-5232.0,-3110.0,1.1184590909091,1.1,-0.3118636
2019-07-01,-2933.0,1.1218391304348,1.3,-0.3648696,63.92,46961960000.0,4.893365963018729,31.8260869565217,0.5795947313308716,12.0,30.0,110.6989,-0.009375000701231114,0.4888329344249879,0.0268100000000004,-0.19132457419286827,-3487.0,-4477.0,-1288.0,1.12934,1.4,-0.3289
2019-08-01,-5908.0,1.1126227272727,1.3,-0.4076818,59.04,47296250000.0,6.042393937269295,30.909090909090903,0.4955313801765442,12.0,37.0,68.51334,-0.009375000701231114,0.4888329344249879,0.017480000000000474,-0.09253801333434411,-2933.0,-2686.0,-6512.0,1.1218391304348,1.3,-0.3648696
2019-09-01,-5201.0,1.1003904761905,1.1,-0.4175714,62.83,46058650000.0,6.333355089355415,32.4761904761905,0.5801851153373718,14.0,32.0,107.446,-0.009375000701231114,0.4888329344249879,0.011539999999999394,-0.058914876656603214,-5908.0,-3487.0,-4469.0,1.1126227272727,1.3,-0.4076818
2019-10-01,-2958.0,1.1052565217391,0.9,-0.4128696,59.71,47134850000.0,5.092717005963256,30.954545454545503,0.5339275002479553,16.0,32.0,113.0368,-0.009375000701231114,0.4888329344249879,0.011920000000000642,0.0037689651733297256,-5201.0,-2933.0,-3852.0,1.1003904761905,1.1,-0.4175714
2019-11-01,-3441.0,1.1050952380952,1.2,-0.4012857,63.21,46306980000.0,4.176316779819682,33.2380952380952,0.34330984950065613,15.0,31.0,111.0038,-0.009375000701231114,0.4888329344249879,0.01814999999999998,0.061791192183591304,-2958.0,-5908.0,-2966.0,1.1052565217391,0.9,-0.4128696
2019-12-01,844.0,1.111345,1.6,-0.3947,67.31,46300390000.0,4.119665258434749,33.9444444444444,0.42714300751686096,16.0,27.0,90.9784,-0.009375000701231114,0.4888329344249879,0.03281000000000063,0.14540270905482908,-3441.0,-5201.0,277.0,1.1050952380952,1.2,-0.4012857
2020-01-01,-7405.0,1.1100363636364,1.7,-0.3911364,63.65,44864930000.0,5.185463484139415,30.3636363636364,1.0412530899047852,14.0,37.0,98.70394,-0.009375000701231114,0.4888329344249879,0.046699999999999874,0.13776559541414576,844.0,-2958.0,-5830.0,1.111345,1.6,-0.3947
2020-02-01,-6367.0,1.0905,1.6,-0.40885,55.66,45353540000.0,3.8190904748532666,28.6,0.4146232604980469,15.0,37.0,104.2948,-0.009375000701231114,0.4888329344249879,-0.005031999999999925,-0.5130950167001402,-7405.0,-3441.0,-5727.0,1.1100363636364,1.7,-0.3911364
2020-03-01,-2630.0,1.1063409090909,0.8,-0.4166364,32.01,38769870000.0,10.876837471011054,49.136363636363605,0.3292286694049835,17.0,29.0,69.22491,-0.009375000701231114,0.4888329344249879,-0.14672800000000025,-1.0,-6367.0,844.0,-5232.0,1.0905,1.6,-0.40885
2020-04-01,-3575.0,1.08619,0.4,-0.25405,18.38,26743970000.0,10.919780340995377,50.95,0.31567707657814026,16.0,41.0,39.23761,-0.009375000701231114,0.4888329344249879,-0.3139409999999998,-1.0,-2630.0,-7405.0,-4477.0,1.1063409090909,0.8,-0.4166364
2020-05-01,-9085.0,1.090185,0.4,-0.27195,29.38,30783320000.0,7.921505443828451,48.64999999999999,0.19826965034008026,18.0,36.0,81.62643,-0.009375000701231114,0.4888329344249879,-0.3080280000000002,0.058647081762695084,-3575.0,-6367.0,-2686.0,1.08619,0.4,-0.25405
2020-06-01,-8180.0,1.1254590909091,0.2,-0.376,40.27,35895790000.0,7.951243082810035,39.4285714285714,0.2537836730480194,12.0,33.0,101.5502,-0.009375000701231114,0.4888329344249879,-0.20667200000000036,1.0,-9085.0,-2630.0,-3487.0,1.090185,0.4,-0.27195
2020-07-01,-4498.0,1.1463391304348,0.9,-0.4441304,43.24,40923270000.0,8.510785910656297,37.304347826087,0.3015437126159668,9.0,30.0,104.7014,-0.009375000701231114,0.4888329344249879,-0.10843399999999974,0.9743568439377733,-8180.0,-3575.0,-2933.0,1.1254590909091,0.2,-0.376
2020-08-01,-5971.0,1.1828095238095,0.2,-0.4797143,44.74,42250430000.0,8.625523231641214,35.33333333333329,0.44970834255218506,12.0,34.0,68.41169,-0.009375000701231114,0.4888329344249879,-0.04841299999999933,0.5953080491254822,-4498.0,-9085.0,-5908.0,1.1463391304348,0.9,-0.4441304
2020-09-01,-6586.0,1.1792409090909,0.0,-0.4913636,40.91,44129980000.0,7.384300421627618,31.40909090909091,0.5332496762275696,17.0,34.0,102.77,-0.009375000701231114,0.4888329344249879,-0.043182000000000186,0.051882781109526085,-5971.0,-8180.0,-5201.0,1.1828095238095,0.2,-0.4797143
2020-10-01,-3279.0,1.1775181818182,0.1,-0.5091364,40.19,45070930000.0,4.868979259523632,30.727272727272698,0.5652338862419128,23.0,34.0,107.141,-0.009375000701231114,0.4888329344249879,-0.06654900000000055,-0.23176160317081124,-6586.0,-4498.0,-2958.0,1.1792409090909,0.0,-0.4913636
2020-11-01,-1837.0,1.1837904761905,0.2,-0.5208571,42.69,45427540000.0,6.58386521175552,29.476190476190496,0.5047492384910583,16.0,33.0,107.141,-0.009375000701231114,0.4888329344249879,-0.0874600000000001,-0.20740218615588882,-3279.0,-5971.0,-3441.0,1.1775181818182,0.1,-0.5091364
2020-12-01,284.0,1.2169727272727,0.0,-0.5380909,49.99,46735080000.0,5.53228294247582,27.85,0.5051935911178589,17.0,30.0,87.11563,-0.009375000701231114,0.4888329344249879,-0.07242700000000042,0.1491022459223125,-1837.0,-6586.0,844.0,1.1837904761905,0.2,-0.5208571
2021-01-01,-5385.0,1.217085,0.8,-0.54715,54.77,48017960000.0,5.82426999084111,27.35,0.29191914200782776,20.0,38.0,97.99238,-0.009375000701231114,0.4888329344249879,-0.04198800000000062,0.3019040287121225,284.0,-3279.0,-7405.0,1.2169727272727,0.0,-0.5380909
2021-02-01,-4530.0,1.20979,0.8,-0.5411,62.28,46856460000.0,5.2696906244609005,29.549999999999997,0.4397834837436676,14.0,37.0,101.4485,-0.009375000701231114,0.4888329344249879,-0.0032099999999999794,0.38461297760764024,-5385.0,-1837.0,-6367.0,1.217085,0.8,-0.54715
2021-03-01,-5975.0,1.1899086956522,1.4,-0.539087,65.41,46808550000.0,6.396050829416582,29.478260869565197,0.4803493320941925,20.0,36.0,107.2427,-0.009375000701231114,0.4888329344249879,0.04051000000000045,0.43362936151957077,-4530.0,284.0,-2630.0,1.20979,0.8,-0.5411
2021-04-01,-4588.0,1.19791,1.6,-0.53815,64.81,48532960000.0,4.810082599209265,31.5,0.5726523399353027,16.0,37.0,102.8717,-0.009375000701231114,0.4888329344249879,0.09879999999999996,0.5781394209280724,-5975.0,-5385.0,-3575.0,1.1899086956522,1.4,-0.539087
2021-05-01,-5476.0,1.2145904761905,1.8,-0.5400952,68.53,48240730000.0,5.416370962873985,43.35,0.5134029984474182,15.0,30.0,105.0064,-0.009375000701231114,0.4888329344249879,0.15405999999999978,0.5480868828355712,-4588.0,-4530.0,-9085.0,1.19791,1.6,-0.53815
2021-06-01,-3420.0,1.2047090909091,1.9,-0.5429091,73.16,48488200000.0,6.160484196734675,43.8636363636364,0.4873746633529663,12.0,30.0,111.817,-0.009375000701231114,0.4888329344249879,0.1925600000000003,0.38185568203347514,-5476.0,-5975.0,-8180.0,1.2145904761905,1.8,-0.5400952
2021-07-01,-4715.0,1.1821818181818,1.5,-0.5448182,75.17,47218320000.0,4.797322898145153,44.136363636363605,0.20614860951900482,10.0,30.0,107.141,-0.009375000701231114,0.4888329344249879,0.2179299999999998,0.25162801696594655,-3420.0,-4588.0,-4498.0,1.2047090909091,1.9,-0.5429091
2021-08-01,-6944.0,1.1771818181818,2.4,-0.5475909,70.75,49095590000.0,3.590970999047295,41.8636363636364,0.3620564937591553,10.0,29.0,65.66709,-0.009375000701231114,0.4888329344249879,0.21274999999999977,-0.05137694630995786,-4715.0,-5476.0,-5971.0,1.1821818181818,1.5,-0.5448182
2021-09-01,-6273.0,1.1770318181818,2.7,-0.5450455,74.49,49282750000.0,4.047389156077726,40.2727272727273,0.63670414686203,18.0,29.0,107.751,-0.009375000701231114,0.4888329344249879,0.20076999999999998,-0.11882158625352966,-6944.0,-3420.0,-6586.0,1.1771818181818,2.4,-0.5475909
2021-10-01,-5273.0,1.1601476190476,3.2,-0.5498095,83.54,49862530000.0,4.451957500581919,40.4285714285714,0.41672268509864807,19.0,36.0,112.5286,-0.009375000701231114,0.4888329344249879,0.20571999999999946,0.049095730547155256,-6273.0,-4715.0,-3279.0,1.1770318181818,2.7,-0.5450455
2021-11-01,-7861.0,1.1414045454545,3.4,-0.5673636,81.05,49962620000.0,5.285558943397894,41.3636363636364,0.6349206566810608,16.0,34.0,111.7154,-0.009375000701231114,0.4888329344249879,0.2186000000000007,0.12774808271666416,-5273.0,-6944.0,-1837.0,1.1601476190476,3.2,-0.5498095
2021-12-01,-6978.0,1.1303782608696,3.4,-0.5819565,74.17,49930740000.0,6.02649239805671,43.4285714285714,0.6911873817443848,16.0,28.0,88.74206,-0.009375000701231114,0.4888329344249879,0.22704999999999984,0.08380988345928551,-7861.0,-6273.0,284.0,1.1414045454545,3.4,-0.5673636
2022-01-01,-8065.0,1.1314476190476,3.3,-0.5601429,86.51,54722350000.0,5.208129198528108,42.4761904761905,1.1198371648788452,16.0,42.0,100.1271,-0.009375000701231114,0.4888329344249879,0.2300600000000003,0.029854171504439354,-6978.0,-5273.0,-5385.0,1.1303782608696,3.4,-0.5819565
2022-02-01,-8386.0,1.13419,4.2,-0.5315,97.13,52002820000.0,8.88301874884591,53.0,1.7618041038513184,42.0,95.0,106.3278,-0.009375000701231114,0.4888329344249879,0.2191599999999994,-0.10810979049779643,-8065.0,-7861.0,-4530.0,1.1314476190476,3.3,-0.5601429
2022-03-01,-13215.0,1.1018956521739,5.1,-0.4954348,117.25,50273730000.0,9.328807364563039,49.826086956521706,1.9836301803588867,38.0,100.0,111.3088,-0.009375000701231114,0.4888329344249879,0.18226999999999977,-0.36588717169388507,-8386.0,-6978.0,-5975.0,1.13419,4.2,-0.5315
2022-04-01,-11968.0,1.0818736842105,5.4,-0.4478947,104.58,51039530000.0,7.263772890339318,53.3684210526316,0.9214977025985718,28.0,63.0,104.3964,-0.009375000701231114,0.4888329344249879,0.15250000000000058,-0.29526866634119725,-13215.0,-8065.0,-4588.0,1.1018956521739,5.1,-0.4954348
2022-05-01,-13955.0,1.05785,5.8,-0.3857273,113.34,50237240000.0,8.478138567889415,56.727272727272705,0.7186916470527649,25.0,42.0,110.8005,-0.009375000701231114,0.4888329344249879,0.1383499999999998,-0.14034436105906226,-11968.0,-8386.0,-5476.0,1.0818736842105,5.4,-0.4478947
2022-06-01,-10781.0,1.0565818181818,6.5,-0.2392273,122.71,51350980000.0,9.178866187286713,61.5,0.9241817593574524,17.0,42.0,112.122,-0.009375000701231114,0.4888329344249879,0.12775000000000034,-0.1051342916767422,-13955.0,-13215.0,-3420.0,1.05785,5.8,-0.3857273
2022-07-01,-10791.0,1.0178904761905,6.8,0.036619,111.93,49478760000.0,10.545508273015614,62.809523809524,0.5402579307556152,20.0,37.0,106.4295,-0.009375000701231114,0.4888329344249879,0.10559999999999974,-0.21969099628679462,-10781.0,-11968.0,-4715.0,1.0565818181818,6.5,-0.2392273
2022-08-01,-13594.0,1.0128434782609,6.6,0.3947391,100.45,52146700000.0,8.802483923153664,65.56521739130399,0.5743723511695862,17.0,49.0,67.80178,-0.009375000701231114,0.4888329344249879,0.06612999999999972,-0.3914764615548331,-10791.0,-13955.0,-6944.0,1.0178904761905,6.8,0.036619
2022-09-01,-13231.0,0.9903772727273,6.2,1.0108636,89.76,51407020000.0,10.409151407434798,61.454545454545006,0.6656848192214966,22.0,44.0,109.2757,-0.009375000701231114,0.4888329344249879,0.02985999999999933,-0.359737807463743,-13594.0,-10781.0,-6273.0,1.0128434782609,6.6,0.3947391
2022-10-01,-9580.0,0.9825666666667,7.1,1.4276667,93.33,50548430000.0,12.399762600972483,58.333333333332995,0.7781438231468201,22.0,46.0,113.0368,-0.009375000701231114,0.4888329344249879,0.0074299999999993815,-0.22246812851975883,-13231.0,-10791.0,-5273.0,0.9903772727273,6.2,1.0108636
2022-11-01,-11053.0,1.0201272727273,7.1,1.8252273,91.42,52049260000.0,15.83789622662805,51.36363636363601,0.5758594870567322,18.0,40.0,113.2402,-0.009375000701231114,0.4888329344249879,-0.005360000000000298,-0.12685543307033662,-9580.0,-13594.0,-7861.0,0.9825666666667,7.1,1.4276667
2022-12-01,-10029.0,1.058880952381,6.7,2.0634762,80.92,53741370000.0,10.559657770697294,53.47619047619001,0.48354101181030273,19.0,41.0,89.65692,-0.009375000701231114,0.4888329344249879,-4.7999999999603915e-05,0.05268616579122229,-11053.0,-13231.0,-6978.0,1.0201272727273,7.1,1.8252273
