date,interest_rate,hicp,trade_goods,inflation_gap,output_gap,ca_gap,ca_nowcast,ca_actual,ca_lagged,ca_gap_nowcast,ca_gap_lagged,info_gap,i_counterfactual,policy_diff_bp
2003-04-01,2.53335,2.0,1081.7833333333342,0.0,-19.89787186959988,-0.6811305518587923,879.521640274116,1081.7833333333342,619.9233333333343,,,,,
2003-05-01,2.4005238,1.8,1074.3833333333305,-0.19999999999999996,-18.480104025913636,-0.6799256802055529,1346.6509162317736,1074.3833333333305,1205.0133333333306,,,,,
2003-06-01,2.1518571,2.0,1464.4233333333343,0.0,10.976569955392574,-0.23757569600556408,1258.3519539596446,1464.4233333333343,464.54333333333807,,,,,
2003-07-01,2.1300435,2.0,1579.0033333333342,0.0,18.686482046555003,-0.10617211812723805,1253.7877001682457,1579.0033333333342,1081.7833333333342,,,,,
2003-08-01,2.1404286,2.0,2295.0433333333344,0.0,64.13206765288554,0.7068961295272247,1336.8799294829305,2295.0433333333344,1074.3833333333305,,,,,
2003-09-01,2.1473182,2.2,1230.143333333338,0.20000000000000018,-10.710394202390479,-0.5163624550537845,1730.0277582454705,1230.143333333338,1464.4233333333343,,,,,
2003-10-01,2.1435652,2.3,1047.6333333333341,0.2999999999999998,-22.07244642160871,-0.7188589611770873,1396.0543897410453,1047.6333333333341,1579.0033333333342,,,,,
2003-11-01,2.15905,2.5,1501.5633333333342,0.5,11.317902603385782,-0.18763744065207089,1448.3964622446574,1501.5633333333342,2295.0433333333344,,,,,
2003-12-01,2.1463333,2.4,3076.8633333333346,0.3999999999999999,108.54015928507255,1.6144401223604639,1055.72893181224,3076.8633333333346,1230.143333333338,,,,,
2004-01-01,2.0894762,2.2,1887.6433333333343,0.20000000000000018,25.530035428108622,0.255228146502013,1965.4494006113,1887.6433333333343,1047.6333333333341,,,,,
2004-02-01,2.07055,1.9,1187.3333333333344,-0.10000000000000009,-19.61703332143386,-0.5422200997656708,1839.454253490379,1187.3333333333344,1501.5633333333342,,,,,
2004-03-01,2.0288261,1.9,1185.5833333333344,-0.10000000000000009,-18.354049546308325,-0.5202614676267155,2021.299314651861,1185.5833333333344,3076.8633333333346,0.7727418600030667,2.506939142191044,-1.7341972821879772,2.042666967420643,1.3840867420642944
2004-04-01,2.04875,2.4,660.2233333333343,0.3999999999999999,-52.42573061679232,-1.1181758586943964,1678.6686762575,660.2233333333343,1887.6433333333343,0.3100275493815108,0.6401803439135907,-0.3301527945320799,2.0513849949366247,0.26349949366246683
2004-05-01,2.0858571,2.8,1350.2633333333342,0.7999999999999998,-2.179255963130649,-0.26429006580804454,1202.1305453739778,1350.2633333333342,1187.3333333333344,-0.4446497520251587,-0.46894105987137136,0.02429130784621264,2.08566322772559,-0.019387227440992305
2004-06-01,2.1126818,2.7,397.2033333333343,0.7000000000000002,-69.4177802802928,-1.376047964182848,1164.6232020846546,397.2033333333343,1185.5833333333344,-0.3644120109191829,-0.332135903339762,-0.0322761075794209,2.1129394000611055,0.025760006110564504
2004-07-01,2.1160455,2.6,882.3833333333342,0.6000000000000001,-30.039619733849342,-0.7790299531275443,876.9622338030981,882.3833333333342,660.2233333333343,-0.7677804803145701,-1.106090531568861,0.3383100512542908,2.113345400873692,-0.27000991263079754
2004-08-01,2.1142727,2.6,-499.65666666666584,0.6000000000000001,-144.41667566419008,-2.469279540818541,967.1158949975435,-499.65666666666584,1350.2633333333342,-0.37986110291265,0.11889002124732923,-0.49875112415997924,2.1182533014323153,0.3980601432315378
2004-09-01,2.1185909,2.2,-853.8466666666659,0.20000000000000018,-188.57423218365838,-2.7084558996041794,690.262393025146,-853.8466666666659,397.2033333333343,-0.5034817349446027,-0.8304320213276111,0.3269502863830084,2.1159814647221067,-0.2609435277893368
2004-10-01,2.1473333,2.3,-1182.3366666666657,0.2999999999999998,-250.27082644845078,-2.8831376532743413,521.4138637347263,-1182.3366666666657,882.3833333333342,-0.48745335784931526,-0.13400784134575847,-0.3534455165035568,2.150154197359598,0.2820897359598007
2004-11-01,2.1703182,2.2,-229.7166666666658,0.20000000000000018,-133.26266311390378,-1.7056251660926567,-150.6179498748204,-229.7166666666658,-499.65666666666584,-1.0725201543341059,-1.4105609698616868,0.3380408155275809,2.1676202496811183,-0.2697950318881759
2004-12-01,2.1731739,2.2,-1465.1866666666656,0.20000000000000018,-390.8606062426345,-2.8614870643931556,42.370102973200574,-1465.1866666666656,-853.8466666666659,-0.7029757260261751,-1.4913926595928415,0.7884169335666664,2.166881435837031,-0.6292464162969136
2005-01-01,2.1454286,1.6,-31.47666666666578,-0.3999999999999999,-107.04419340479734,-1.2846538310813531,-679.1388877214947,-31.47666666666578,-1182.3366666666657,-1.3165658530846478,-1.7639172379212482,0.4473513848366004,2.1418582269683037,-0.357037303169605
2005-02-01,2.13835,1.9,-1260.3366666666657,-0.10000000000000009,-555.9959854479581,-2.4118916992792387,478.02046414665074,-1260.3366666666657,-229.7166666666658,-0.19837862174831417,-0.7981057034854119,0.5997270817370977,2.13356349553932,-0.47865044606800744
2005-03-01,2.1371905,2.1,-2503.746666666666,0.10000000000000009,-6938.802837180056,-3.2533321177164845,-552.7416814891419,-2503.746666666666,-1465.1866666666656,-0.8517041199627097,-1.5389012035708918,0.6871970836081821,2.1317058854040916,-0.5484614595908432
2005-04-01,2.1372381,2.0,-2503.8066666666655,0.0,-1190.9672957392759,-2.949655274995707,-1047.0863627547244,-2503.8066666666655,-31.47666666666578,-1.0440548819200404,-0.3380668739445935,-0.7059880079754468,2.142872687552013,0.5634587552013404
2005-05-01,2.1256364,1.7,-1345.6666666666656,-0.30000000000000004,-310.76759052815623,-1.8814387570735798,-1483.9345636202274,-1345.6666666666656,-1260.3366666666657,-1.2866230813651796,-1.1327421910933126,-0.1538808902718669,2.126864544584644,0.1228144584644042
2005-06-01,2.1110455,1.8,-528.6266666666656,-0.19999999999999996,-33.97651209210157,-1.1793771418632841,-1038.8982233738402,-528.6266666666656,-2503.746666666666,-0.9686408107934781,-1.9889698646443443,1.0203290538508663,2.102902113255695,-0.8143386744305037
2005-07-01,2.1194286,1.8,-1223.4466666666658,-0.19999999999999996,-140.76011648580544,-1.6680855631062386,-484.02824461990895,-1223.4466666666658,-2503.8066666666655,-0.5413552139425588,-1.9440451829720402,1.4026899690294814,2.108233538115744,-1.1195061884255786
2005-08-01,2.1324783,2.0,-1702.076666666666,0.0,-161.95910937771416,-1.9493898125716633,-644.7855441426154,-1702.076666666666,-1345.6666666666656,-0.5960953412952014,-1.075549642459978,0.4794543011647766,2.128651709170434,-0.38265908295658235
2005-09-01,2.1391364,2.3,-1800.2766666666657,0.2999999999999998,-127.63760361703531,-1.9334047813507245,-922.3493025285871,-1800.2766666666657,-528.6266666666656,-0.7290403958754913,-0.46360491737270754,-0.26543547850278376,2.1412548771216207,0.2118477121620721
2005-10-01,2.196619,2.0,-1321.346666666666,0.0,-48.52795636425906,-1.5469946495638103,-1224.918755067734,-1321.346666666666,-1223.4466666666658,-0.9013706116018164,-0.9003775786248019,-0.0009930329770144741,2.196626925532995,0.0007925532994779161
2005-11-01,2.3608636,1.8,-2519.156666666666,-0.19999999999999996,-135.5846338877922,-2.2659506832291023,-985.3483011362488,-2519.156666666666,-1702.076666666666,-0.6627468088039062,-1.1309971645812376,0.4682503557773313,2.3571264294020815,-0.373717059791856
2005-12-01,2.4728571,1.8,-1980.1066666666657,-0.19999999999999996,-64.93053224857738,-1.818179883180414,-1737.4602203852564,-1980.1066666666657,-1800.2766666666657,-1.1028375915070876,-1.1434531042860567,0.04061551277896913,2.4725329419971196,-0.0324158002880548
2006-01-01,2.5116818,2.2,-2090.6266666666656,0.20000000000000018,-56.89325511429838,-1.8072403995739483,-1396.3151004340962,-2090.6266666666656,-1321.346666666666,-0.8340603683903047,-0.7861079396870664,-0.04795242870323835,2.5120645149396417,0.0382714939641815
2006-02-01,2.60035,2.0,-1536.056666666666,0.0,-8.421762137635108,-1.3908982068890259,-1956.017624821472,-1536.056666666666,-2519.156666666666,-1.168634620602802,-1.529750542822771,0.3611159222199689,2.597467884075667,-0.2882115924333295
2006-03-01,2.7226087,1.7,-1146.6566666666658,-0.30000000000000004,21.840939663751794,-1.110943697998421,-1542.952239917552,-1146.6566666666658,-1980.1066666666657,-0.8932662054394329,-1.1759856737590035,0.2827194683195706,2.7203522769745243,-0.22564230254755735
2006-04-01,2.7937778,2.0,-2175.9866666666658,0.0,-37.032569967962985,-1.6919731913746892,-1409.8696360544673,-2175.9866666666658,-2090.6266666666656,-0.7651032973451195,-1.201439101644222,0.43633580429910257,2.790295343834134,-0.3482456165865955
2006-05-01,2.889,2.3,-2212.786666666666,0.2999999999999998,-29.877576026171372,-1.64286510515661,-1944.496808666039,-2212.786666666666,-1536.056666666666,-1.0655705215630507,-0.8058566916660826,-0.259713829896968,2.8910728118558553,0.20728118558555053
2006-06-01,2.9856818,2.2,-1290.9066666666658,0.20000000000000018,26.052304827766083,-1.0464189235465373,-1906.7442334973207,-1290.9066666666658,-1146.6566666666658,-1.0329266582645156,-0.5458259625659947,-0.4871006956985209,2.9895694177577443,0.3887617757744266
2006-07-01,3.1021905,2.2,-2800.126666666666,0.20000000000000018,-47.90297340238343,-1.8655111127526092,-1777.6573793001576,-2800.126666666666,-2175.9866666666658,-0.8929096657274692,-1.143366161649538,0.25045649592206887,3.100191572201934,-0.19989277980658748
2006-08-01,3.2264783,2.1,-4069.616666666666,0.10000000000000009,-91.65740579052645,-2.4395743376246157,-2598.6950933931657,-4069.616666666666,-2212.786666666666,-1.284707953492262,-1.0541765785250772,-0.2305313749671849,3.2283182026627433,0.18399026627431425
2006-09-01,3.335381,1.5,-758.0166666666655,-0.5,63.93182232143866,-0.5540926360260501,-2971.9904779091257,-758.0166666666655,-1290.9066666666658,-1.5213356948415029,-0.5050506991605787,-1.0162849956809241,3.3434921105589215,0.8111110558921553
2006-10-01,3.502,1.2,-1509.1166666666659,-0.8,29.325133666165065,-0.9464230504772567,-1667.4150537655528,-1509.1166666666659,-2800.126666666666,-0.7230679529476108,-1.4128143228359953,0.6897463698883844,3.4964950391990866,-0.5504960800913228
2006-11-01,3.5971818,1.6,-1926.6266666666656,-0.3999999999999999,12.182946306205075,-1.1434941633517495,-2620.428744939344,-1926.6266666666656,-4069.616666666666,-1.2869906219864633,-2.171940039901726,0.8849494179152628,3.5901188967806577,-0.7062903219342331
2006-12-01,3.6842105,1.7,-2833.9266666666654,-0.30000000000000004,-22.527218757895685,-1.59013700710893,-1755.8480624829042,-2833.9266666666654,-758.0166666666655,-0.7196923560824456,-0.11693372375871522,-0.6027586323237304,3.689021199683553,0.4810699683553299
2007-01-01,3.7518636,1.4,-2423.8466666666654,-0.6000000000000001,-1.2142961380962662,-1.3131122506883395,-2416.4540336182163,-2423.8466666666654,-1509.1166666666659,-1.0914898090148915,-0.5448163368625835,-0.546673472152308,3.756226676293659,0.4363076293659063
2007-02-01,3.8182,1.2,-3479.906666666666,-0.8,-36.618593778259,-1.8070936661679642,-2241.955745950048,-3479.906666666666,-1926.6266666666656,-0.9301195507189182,-0.7440103572656442,-0.18610919345327392,3.8196853631122636,0.1485363112263549
2007-03-01,3.8909091,1.2,-1196.7366666666658,-0.8,52.61120748415623,-0.5555625973079985,-3068.381097686162,-1196.7366666666658,-2833.9266666666654,-1.425126452624074,-1.2853998022529667,-0.1397266503711072,3.8920242776460388,0.11151776460387453
2007-04-01,3.9752632,1.3,-3223.8166666666657,-0.7,-21.660502118440053,-1.5954847467134274,-2131.2811916617775,-3223.8166666666657,-2423.8466666666654,-0.8249446452945821,-0.9970650452396487,0.17212039994506656,3.97388948337589,-0.13737166241098997
2007-05-01,4.0713636,1.2,-3842.196666666666,-0.8,-36.719688300221875,-1.8484706662147907,-3326.070012702734,-3842.196666666666,-3479.906666666666,-1.4575937519797388,-1.5460568601770526,0.08846310819731373,4.070657563746367,-0.070603625363308
2007-06-01,4.1477619,1.3,-4075.9866666666658,-0.7,-36.83980228418313,-1.8841015123038172,-2906.1063429182504,-4075.9866666666658,-1196.7366666666658,-1.1506692455537566,-0.1913721569847616,-0.959297088568995,4.155418182221329,0.7656282221328858
2007-07-01,4.2161818,1.2,-4858.566666666666,-0.8,-52.10563944509803,-2.1848819590908835,-3870.9122612993037,-4858.566666666666,-3223.8166666666657,-1.5885590254245627,-1.2387025613824103,-0.3498564640421524,4.218974052637458,0.27922526374579704
2007-08-01,4.5436087,1.3,-4059.2666666666655,-0.7,-21.497534630437563,-1.7196493511360564,-4744.979199513035,-4059.2666666666655,-3842.196666666666,-1.9949344775181177,-1.5150895138325662,-0.4798449636855515,4.547438408760963,0.3829708760963335
2007-09-01,4.7417,1.6,-4505.916666666666,-0.3999999999999999,-28.317861567853026,-1.8679048060570367,-4243.865792588458,-4505.916666666666,-4075.9866666666658,-1.656530786480958,-1.5692733942530213,-0.08725739222793671,4.742396413268376,0.0696413268376439
2007-10-01,4.6873913,2.1,-4115.636666666665,0.10000000000000009,-12.935619318728648,-1.6121189002264802,-4998.584391318718,-4115.636666666665,-4858.566666666666,-1.9927432729111367,-1.9209456133933158,-0.07179765951782091,4.687964327011809,0.057302701180894644
2007-11-01,4.6385455,2.6,-7025.686666666666,0.6000000000000001,-76.60132490170662,-2.8253230204434225,-4823.080017434932,-7025.686666666666,-4059.2666666666655,-1.7268366087447518,-1.360970490629971,-0.36586611811478065,4.64146552789218,0.29200278921797107
2007-12-01,4.8483684,2.8,-6014.436666666666,0.7999999999999998,-42.409317743240905,-2.2314271579919276,-6695.738612518414,-6014.436666666666,-4505.916666666666,-2.492071737802745,-1.4802815766332664,-1.0117901611694784,4.856443636665455,0.8075236665455066
2008-01-01,4.4815455,3.2,-4864.0,1.2000000000000002,-11.232412723144696,-1.6277280532172969,-6124.203593315936,-4864.0,-4115.636666666665,-2.1682451417825703,-1.2534413947100231,-0.9148037470725472,4.488846674733225,0.7301174733225224
2008-02-01,4.3620952,3.2,-2242.0,1.2000000000000002,48.14439344272364,-0.41132810509898654,-6304.0789259879975,-2242.0,-7025.686666666666,-2.2598643406320265,-2.590935024385848,0.33107068375382154,4.359452879263044,-0.26423207369559165
2008-03-01,4.5963684,3.5,-3051.0,1.5,29.56810996249481,-0.7572820409186037,-4168.150897748185,-3051.0,-6014.436666666666,-1.2716646550903214,-2.121771208819849,0.8501065537295274,4.589583582479848,-0.6784817520152586
2008-04-01,4.7835,3.4,-2846.0,1.4,34.13269236083233,-0.6377827802091629,-4378.37020515791,-2846.0,-4864.0,-1.3489619538049213,-1.574344694126435,0.22538274032151362,4.781701189299666,-0.17988107003343856
2008-05-01,4.857381,3.7,-4651.0,1.7000000000000002,-4.822578054214565,-1.4232297712283075,-3679.0393095180934,-4651.0,-2242.0,-0.9746523453907913,-0.31143273008386807,-0.6632196153069232,4.862674247118143,0.529324711814283
2008-06-01,4.9405238,4.0,-4734.0,2.0,-4.023629050984639,-1.4133537954744608,-4674.2691037578215,-4734.0,-3051.0,-1.3857967328074405,-0.6368957068662504,-0.7489010259411901,4.946500882260305,0.5977082260304911
2008-07-01,4.961,4.0,-4007.0,2.0,12.97873620796218,-1.0456523787334564,-4727.47871957535,-4007.0,-2846.0,-1.3814696355287115,-0.5045068547517191,-0.8769627807769924,4.967999160768064,0.6999160768063284
2008-08-01,4.9651905,3.5,-5302.0,1.5,-11.705538591372862,-1.6048254784996923,-4339.788468774427,-5302.0,-4651.0,-1.1522220606348181,-1.2986092097964717,0.14638714916165352,4.964022163995532,-0.11683360044685287
2008-09-01,5.0191818,3.4,-4531.0,1.4,6.067247851424921,-1.204511597741556,-4924.401737968563,-4531.0,-4734.0,-1.3907207039922143,-1.300597723015508,-0.09012298097670635,5.019901083926958,0.07192839269576368
2008-10-01,5.113087,3.0,-4878.0,1.0,0.8483888953229894,-1.3256083234607279,-4134.829963105938,-4878.0,-4007.0,-0.9728859529986291,-0.912215466508521,-0.06067048649010809,5.11357121951094,0.04842195109402425
2008-11-01,4.2383,1.9,-5522.0,-0.10000000000000009,-9.235627874650449,-1.5813676684830553,-4425.52775689711,-5522.0,-5302.0,-1.0590909997102114,-1.476576263873786,0.4174852641635747,4.234967992591898,-0.33320074081020223
2008-12-01,3.292619,1.2,-2194.0,-0.8,55.5996403065789,0.04839678321236087,-4635.030060387842,-2194.0,-4531.0,-1.183355764263857,-1.130861821653822,-0.05249394261003504,3.2930379613877934,0.04189613877931819
2009-01-01,2.4565238,0.8,-3993.0,-1.2,19.496742764352025,-0.8377365840597957,-3013.4122208171943,-3993.0,-4878.0,-0.3264616665868962,-1.299643431403536,0.9731817648166399,2.448756702264718,-0.7767097735281947
2009-02-01,1.94305,1.0,-3402.0,-1.0,31.0098887314745,-0.5036315200411277,-3428.757577457831,-3402.0,-5522.0,-0.518004498918448,-1.64240107799749,1.124396579079042,1.9340760359999973,-0.897396400000261
2009-03-01,1.6354545,0.4,-3625.0,-1.6,26.26916350550632,-0.5987291630974604,-2504.621119941886,-3625.0,-2194.0,0.022147482022694422,0.19428335711705766,-0.17213587509436323,1.6368283401334083,0.1373840133408244
2009-04-01,1.4223,0.1,-3216.0,-1.9,33.96133123301882,-0.3454494273978417,-3162.257009051855,-3216.0,-3993.0,-0.3148541963702418,-0.7877860791624743,0.4729318827922325,1.4185254654900255,-0.37745345099744476
2009-05-01,1.2817,-0.3,-1745.0,-2.3,62.9934321887964,0.544391688158919,-3285.8159906760293,-1745.0,-3402.0,-0.37155897826329587,-0.440625512781025,0.06906653451772915,1.2811487704730704,-0.0551229526929653
2009-06-01,1.2279091,-0.6,-2537.0,-2.6,45.12145564448563,0.10569623248244298,-2784.6491465220165,-2537.0,-3625.0,-0.0458869251434719,-0.5602558932063895,0.5143689680629175,1.2238038504039048,-0.41052495960951507
2009-07-01,0.9749565,-0.8,-319.0,-2.8,92.68263083741438,1.5105566666512866,-2981.7346686903948,-319.0,-3216.0,-0.1579231453451567,-0.30471470545005835,0.14679156010490166,0.9737849363360794,-0.11715636639205718
2009-08-01,0.8604762,-0.2,-3460.0,-2.2,20.51934357179829,-0.4333537389293636,-1656.6371057808337,-3460.0,-1745.0,0.714287834956821,0.6580545990705409,0.05623323588628015,0.860027394797426,-0.04488052025740652
2009-09-01,0.7720909,-0.4,-2691.0,-2.4,37.09642643382248,0.07650811574939818,-3091.6542246064337,-2691.0,-2537.0,-0.18181491597289204,0.17580008490726978,-0.35761500088016185,0.7749450745888165,0.2854174588816427
2009-10-01,0.7375,-0.2,-2868.0,-2.2,31.989581199304062,-0.019686839437303344,-2599.2001835833353,-2868.0,-319.0,0.15529013211219506,1.6396011260631145,-1.4843109939509194,0.7493464905286654,1.1846490528665377
2009-11-01,0.7161905,0.5,-5123.0,-1.5,-18.605586174003143,-1.4448075520360313,-3371.7429183836375,-5123.0,-3460.0,-0.29662813575915936,-0.35449226410440976,0.0578641283452504,0.7157286784200312,-0.04618215799687686
2009-12-01,0.7120455,1.0,-3689.0,-1.0,14.459102825856403,-0.4831641736824668,-3686.6122151562927,-3689.0,-2691.0,-0.4815894357426377,0.17501438262193733,-0.656603818364575,0.7172859455313215,0.5240445531321525
2010-01-01,0.67975,1.2,-4095.0,-0.8,5.518090740753075,-0.7267239361432517,-3191.910495631273,-4095.0,-2868.0,-0.11387754354541368,0.10593165362901688,-0.21980919717443057,0.6815043274846393,0.17543274846393286
2010-02-01,0.6617,1.4,-2769.0,-0.6000000000000001,34.965097573690926,0.19250827890310232,-3495.8252260813683,-2769.0,-5123.0,-0.30676848935375073,-1.4245207818909895,1.1177522925372387,0.6527790649662368,-0.8920935033763122
2010-03-01,0.6449565,1.7,-3971.0,-0.30000000000000004,7.0034146808212805,-0.6151127746432301,-2579.213433062425,-3971.0,-3689.0,0.33897734131417406,-0.42179763665907877,0.7607749779732529,0.6388846500927132,-0.6071849907286819
2010-04-01,0.6447,1.9,-3236.0,-0.10000000000000009,23.44861747282059,-0.10302018447254488,-3025.164227005963,-3236.0,-4095.0,0.041688076963520365,-0.6925994332120003,0.7342875101755207,0.63883955022225,-0.5860449777750021
2010-05-01,0.6865238,1.9,-5291.0,-0.10000000000000009,-22.104214519689975,-1.4592045611160116,-2158.5301701200015,-5291.0,-2769.0,0.6773937488818557,0.26100384625864165,0.416389902623214,0.6832005348232544,-0.3323265176745638
2010-06-01,0.7275909,1.7,-2537.0,-0.30000000000000004,40.09322177947896,0.4539936791335065,-3212.6255863075075,-2537.0,-3971.0,-0.019259020788610373,-0.5504744548199081,0.5312154340312977,0.7233511964381596,-0.42397035618404466
2010-07-01,0.8488182,1.9,-1903.0,-0.10000000000000009,53.51636039864312,0.914472680350249,-1794.9018163572396,-1903.0,-3236.0,0.9908979848904369,-0.027956938606430882,1.0188549234968678,0.8406865784931334,-0.8131621506866527
2010-08-01,0.8955,1.6,-5459.0,-0.3999999999999999,-29.529085489104734,-1.5381714533112107,-2409.728858782131,-5459.0,-5291.0,0.5938539656887544,-1.4207072296639172,2.0145611953526714,0.8794215095640857,-1.607849043591425
2010-09-01,0.8805,1.8,-4886.0,-0.19999999999999996,-13.967311288635864,-1.0999361871877043,-3350.646476075518,-4886.0,-2537.0,-0.028027603900840154,0.5400204895844829,-0.568048093485323,0.8850336700911903,0.45336700911903227
2010-10-01,0.9976667,1.8,-3232.0,-0.19999999999999996,23.721448989364912,0.07834674470045956,-3264.49861246679,-3232.0,-1903.0,0.05527224778570655,1.0219564605546454,-0.9666842127689388,1.0053819398772548,0.7715239877254754
2010-11-01,1.0420455,1.8,-6001.0,-0.19999999999999996,-36.76436707868744,-1.7995159445464999,-3923.914535312546,-6001.0,-5459.0,-0.3622653726100366,-1.4244761008223439,1.0622107282123072,1.0335678498427918,-0.8477650157208139
2010-12-01,1.0216957,2.0,-4808.0,0.0,-8.15135336873662,-0.9420465618203316,-4635.785259493371,-4808.0,-4886.0,-0.8227998159441624,-0.9960561449384433,0.1732563289942809,1.0203129173696572,-0.13827826303427493
2011-01-01,1.0172381,2.0,-6812.0,0.0,-46.66436197219647,-2.195400749758212,-3783.8866857358225,-6812.0,-3232.0,-0.17217466088074274,0.19656700285904416,-0.3687416637397869,1.0201810780179625,0.29429780179626164
2011-02-01,1.08675,1.8,-5522.0,-0.19999999999999996,-16.447771553452135,-1.2902869050427408,-5105.380417345223,-5522.0,-6001.0,-1.0116681663921447,-1.6106232073740854,0.5989550409819406,1.081969657302947,-0.4780342697053186
2011-03-01,1.1755217,2.2,-5546.0,0.20000000000000018,-14.671474349798252,-1.2693370461901925,-4832.0863224804225,-5546.0,-4808.0,-0.7873296733340054,-0.7710675041015366,-0.016262169232468815,1.1756514906130002,0.012979061300022465
2011-04-01,1.3212105,2.2,-5887.0,0.20000000000000018,-18.91801419451637,-1.4440201364494474,-5244.986061076176,-5887.0,-6812.0,-1.0146565125133484,-2.0626380971746308,1.0479815846612823,1.312846414597749,-0.8364085402251087
2011-05-01,1.4250909,2.2,-6714.0,0.20000000000000018,-31.176665026929022,-1.9021440308203623,-5537.373224295026,-6714.0,-5522.0,-1.133343974860056,-1.1232992130362978,-0.010044761823758241,1.425171068627931,0.008016862793103208
2011-06-01,1.4885909,2.3,-4977.0,0.2999999999999998,3.419059220396231,-0.7410173603435971,-5420.4455656136315,-4977.0,-5546.0,-1.0363244640260036,-1.119935890514973,0.08361142648896935,1.4879235856864723,-0.06673143135276227
2011-07-01,1.597619,2.1,-4760.0,0.10000000000000009,7.9255202750349945,-0.575609374794255,-4634.200084795868,-4760.0,-5887.0,-0.4917101363112397,-1.3272350185624806,0.8355248822512409,1.590950560808758,-0.6668439191241937
2011-08-01,1.552087,2.4,-5432.0,0.3999999999999999,-3.8141854638911425,-1.0000236461474554,-5516.167311047123,-5432.0,-6714.0,-1.0556774856255948,-1.8477187968095605,0.7920413111839657,1.5457656091799554,-0.632139082004457
2011-09-01,1.5364545,2.4,-5694.0,0.3999999999999999,-7.233827916762797,-1.150208763271499,-5149.067891866653,-5694.0,-4977.0,-0.7797911473095712,-0.6628279926852239,-0.11696315462434737,1.5373879990504733,0.0933499050473241
2011-10-01,1.5758571,2.5,-5669.0,0.5,-5.352566459275574,-1.1022757613522873,-4838.245359443652,-5669.0,-4760.0,-0.5291530045339791,-0.4751729314981494,-0.05398007303582969,1.5762879223994577,0.043082239945779754
2011-11-01,1.4846818,2.7,-3857.0,0.7000000000000002,27.46112907913884,0.17324178110399238,-5731.884576454794,-3857.0,-5432.0,-1.1449804378419555,-0.9341330519266425,-0.21084738591531293,1.4863646020343573,0.16828020343573336
2011-12-01,1.4260952,2.7,-4036.0,0.7000000000000002,23.376694472012378,0.06189837257014038,-4519.839334786286,-4036.0,-5694.0,-0.28063537610764805,-1.111881670778503,0.831246294670855,1.4194609088056762,-0.6634291194323794
2012-01-01,1.2222273,2.6,-6440.0,0.6000000000000001,-19.4609730656551,-1.5778885504780622,-4750.166232290565,-6440.0,-5669.0,-0.39264100674812535,-1.0371100001490736,0.6444689934009482,1.217083704178466,-0.5143595821534008
2012-02-01,1.0482857,2.5,-5596.0,0.5,-2.732266496298231,-0.9556233917177999,-5073.390459135917,-5596.0,-3857.0,-0.5911812231872958,0.25706960817900226,-0.8482508313662981,1.0550557067443183,0.6770006744318158
2012-03-01,0.8584545,2.6,-3954.0,0.6000000000000001,26.527365630186416,0.23040780204722483,-4947.026592887773,-3954.0,-4036.0,-0.4900171293913558,0.17091811199382265,-0.6609352413851785,0.8637295152151669,0.5275015215166934
2012-04-01,0.7443158,2.4,-5659.0,0.3999999999999999,-4.022859806728449,-0.973939247420864,-4853.2315889696765,-5659.0,-6440.0,-0.39125674822028805,-1.5387107459849523,1.1474539977646643,0.7351578115649646,-0.9157988435035347
2012-05-01,0.6849091,2.3,-4736.0,0.2999999999999998,12.752327178740416,-0.2957811650792371,-5646.062611034424,-4736.0,-5596.0,-0.9540420762462034,-0.9178310952162838,-0.0362109810299196,0.6851981048282018,0.028900482820171103
2012-06-01,0.6588571,2.3,-4492.0,0.2999999999999998,16.782327390592968,-0.11429707197022387,-4272.292235920664,-4492.0,-3954.0,0.04464789740152038,0.2749126307758233,-0.23026473337430292,0.6606948745594563,0.18377745594563288
2012-07-01,0.4970455,2.2,-3652.0,0.20000000000000018,31.182269764454336,0.47849145138299926,-4465.625080545825,-3652.0,-5659.0,-0.10968380352456379,-0.9723828705102612,0.8626990669856974,0.4901601798967437,-0.6885320103256265
2012-08-01,0.3323913,2.4,-5018.0,0.3999999999999999,5.614973444365537,-0.4965351582163114,-4052.8319970594266,-5018.0,-4736.0,0.19991083312423172,-0.29304957983524577,0.49296041295947746,0.32845691503153257,-0.39343849684674304
2012-09-01,0.2463,2.2,-3455.0,0.20000000000000018,33.70659330288198,0.6167104233630307,-4560.969635132736,-3455.0,-4492.0,-0.17882573483177067,-0.12921511546824357,-0.04961061936352709,0.2466959491877419,0.03959491877419119
2012-10-01,0.207913,2.1,-4591.0,0.10000000000000009,11.576608966497345,-0.1946979818214877,-3832.339289799987,-4591.0,-3652.0,0.3509308951174792,0.4806309347581884,-0.1297000396407092,0.20894815388448437,0.10351538844843855
2012-11-01,0.192,1.6,-3574.0,-0.3999999999999999,29.901627474459154,0.5111977689524442,-4183.082016262609,-3574.0,-5018.0,0.059135224079081034,-0.5605434706254884,0.6196786947045694,0.18705425896759464,-0.49457410324053597
2012-12-01,0.1854737,1.5,-3308.0,-0.5,33.69087102537205,0.682444384927278,-3481.536353917767,-3308.0,-3455.0,0.5522526519145243,0.5721609526249177,-0.0199083007103934,0.18563259089063452,0.01588908906345332
2013-01-01,0.2049091,1.4,-6131.0,-0.6000000000000001,-20.549195670129393,-1.398314986702468,-4191.447491505157,-6131.0,-4591.0,0.034967733983987434,-0.2602919737770904,0.29525970776107785,0.20255259159593722,-0.23565084040627904
2013-02-01,0.22335,1.2,-3121.0,-0.8,37.092279303726,0.8476886166714818,-4954.0172572586525,-3121.0,-3574.0,-0.524445783433109,0.508588218183537,-1.0330340016166462,0.23159478668271966,0.8244786682719663
2013-03-01,0.20605,1.1,-1335.0,-0.8999999999999999,71.66254335310278,2.094500615510367,-3386.840701335048,-1335.0,-3308.0,0.6073538147548249,0.6644965046347638,-0.05714268987993898,0.20650606368018828,0.04560636801882734
2013-04-01,0.2089048,0.8,-2634.0,-1.2,42.32232780302306,1.1472347606619226,-3563.2769858176043,-2634.0,-6131.0,0.47558475497034175,-1.380278680302143,1.8558634352724848,0.19409289825026538,-1.4811901749734624
2013-05-01,0.2012273,0.9,-4432.0,-1.1,2.7180064336404364,-0.15503382504182922,-3118.24453289946,-4432.0,-3121.0,0.7950977347038338,0.7931049313854576,0.0019928033183762572,0.2012113951621777,-0.0015904837822294793
2013-06-01,0.21025,1.0,-2578.0,-1.0,41.552984772548285,1.1479572832832536,-3321.271459501353,-2578.0,-1335.0,0.6159102142029307,2.037719025167832,-1.4218088109649012,0.22159765199564752,1.1347651995647523
2013-07-01,0.2214348,1.2,-4291.0,-0.8,2.3822736601750347,-0.07485717405429315,-2897.9243781171494,-4291.0,-2634.0,0.9224176525360178,1.1113558080096861,-0.18893815547366832,0.22294274144787984,0.1507941447879857
2013-08-01,0.2258636,1.0,-3396.0,-1.0,21.32029704708703,0.5447259284629752,-4105.978624460381,-3396.0,-4432.0,0.03495822365760928,-0.1991265258376989,0.2340847494953082,0.2239953373656178,-0.1868262634382195
2013-09-01,0.2232381,1.0,-5090.0,-1.0,-16.680894671215135,-0.66277924175704,-3115.86748565327,-5090.0,-2578.0,0.7501694648722592,1.1351381348697636,-0.38496866999750434,0.22631058799041714,0.307248799041715
2013-10-01,0.2258261,0.7,-3475.0,-1.3,19.002955267166655,0.47653139460566035,-4312.635655438888,-3475.0,-4291.0,-0.12316765454760367,-0.10767776712740826,-0.015489887420195414,0.22594972692546325,0.012362692546324938
2013-11-01,0.223381,0.8,-3206.0,-1.2,23.706244020254733,0.6446402605302893,-3540.1346237373536,-3206.0,-3396.0,0.4042422352650582,0.5079419913636429,-0.10369975609858473,0.22420864203960844,0.0827642039608445
2013-12-01,0.2735,0.8,-3343.0,-1.2,19.01112156544955,0.56758869015211,-3723.500282754058,-3343.0,-5090.0,0.29004881104621144,-0.7066867607209144,0.9967355717671258,0.2655449160865586,-0.7955083913441408
2014-01-01,0.2920455,0.8,-7028.0,-1.2,-62.61819485348536,-2.0097074411106126,-3989.596741084963,-7028.0,-3475.0,0.1281537432304283,0.49023089538384196,-0.36207715215341363,0.29493528763285604,0.28897876328560224
2014-02-01,0.2881,1.1,-2506.0,-0.8999999999999999,40.086180905784765,1.1510980701628186,-4831.620017712452,-2506.0,-3206.0,-0.47055004884764434,0.6629900932117606,-1.133540142059405,0.2971469400358109,0.9046940035810858
2014-03-01,0.3053333,0.8,-3014.0,-1.2,26.251375863797104,0.7864815218062303,-2506.040381606907,-3014.0,-3343.0,1.1392053217849307,0.5580260983160474,0.5811792234688833,0.3006948285514021,-0.46384714485978584
2014-04-01,0.32975,0.8,-3587.0,-1.2,11.128159437326868,0.3937821225164035,-4116.236053059764,-3587.0,-7028.0,0.025447558578515394,-2.0010646154951326,2.026512174073648,0.3135761271564883,-1.6173872843511683
2014-05-01,0.3245714,0.8,-3616.0,-1.2,9.368284126593785,0.40465825967393665,-3557.1301669203444,-3616.0,-2506.0,0.4465999206065266,1.1954748952357106,-0.7488749746291841,0.3305482743411952,0.5976874341195204
2014-06-01,0.2414286,0.6,-3689.0,-1.4,6.630859440099808,0.370315909125848,-3093.04546095403,-3689.0,-3014.0,0.7995236117362532,0.8564523176256149,-0.05692870588936172,0.24188295584447997,0.04543558444799756
2014-07-01,0.2050435,0.6,-3798.0,-1.4,3.1645746979973994,0.3582393074000208,-3738.555442299238,-3798.0,-3587.0,0.40421709219504326,0.5214386468347904,-0.1172215546397471,0.20597906137659458,0.09355613765945903
2014-08-01,0.1915714,0.5,-4441.0,-1.5,-12.678772740102698,-0.12685020509007966,-3536.3365005562296,-4441.0,-3616.0,0.5750974991503272,0.5132848908285208,0.06181260832180635,0.19107806505737637,-0.049333494262363
2014-09-01,0.0970909,0.4,-3553.0,-1.6,8.810797616957062,0.5792702800502291,-4100.494756651871,-3553.0,-3689.0,0.15004495229233542,0.47264890390193354,-0.3226039516095981,0.0996656465812946,0.25747465812946124
2014-10-01,0.0826087,0.5,-2749.0,-1.5,27.577197901425375,1.2058219991545258,-3443.004294076608,-2749.0,-3798.0,0.6627331260893411,0.3849333777975676,0.2777997482917735,0.08039154193783116,-0.22171580621688364
2014-11-01,0.0809,0.4,-1557.0,-1.6,56.90984280415158,2.024297066739172,-3108.363085550046,-1557.0,-4441.0,0.849635051700093,-0.15941175356846962,1.0090468052685626,0.0728466584359279,-0.8053341564072101
2014-12-01,0.0809048,0.1,-3128.0,-1.9,11.972796432248991,0.8240235087971656,-2304.0307314024826,-3128.0,-3553.0,1.445155790232452,0.5036460033551304,0.9415097868773217,0.0733904806839384,-0.75143193160616
2015-01-01,0.0626667,-0.4,-3569.0,-2.4,-1.1784527853437987,0.4840336364044297,-3403.449723166181,-3569.0,-2749.0,0.6085877714758687,1.1009724448050509,-0.4923846733291821,0.06659648991116134,0.392978991116133
2015-02-01,0.0482,-0.3,-2099.0,-2.3,38.21077325284085,1.5638871288404537,-2218.5604397766756,-2099.0,-1557.0,1.4749419699602715,1.9670997380679305,-0.492157768107659,0.05212797894932878,0.3927978949328781
2015-03-01,0.0271818,0.0,-3306.0,-2.0,1.6193038753477356,0.6554387012577358,-2271.5716858026335,-3306.0,-3128.0,1.4223251979594635,0.7874012499965324,0.6349239479629312,0.022114384501079005,-0.5067415498920993
2015-04-01,0.0047,0.1,-2011.0,-1.9,37.780562841319835,1.5726787426649345,-2738.319988400192,-2011.0,-3569.0,1.0427998736480337,0.4376194949520231,0.6051803786960106,-0.00013002797498210504,-0.4830027974982105
2015-05-01,-0.0103684,0.3,-3042.0,-1.7,4.487362542071192,0.794500188756662,-1935.5298834327143,-3042.0,-2099.0,1.6008574789219487,1.4817260915036474,0.11913138741830132,-0.011319204015108131,-0.09508040151081312
2015-06-01,-0.0139091,0.3,-339.0,-1.7,88.46322165762416,2.603294319622041,-2678.5753373549496,-339.0,-3306.0,0.9819725851905305,0.5471683593318409,0.4348042258586896,-0.017379332427335227,-0.34702324273352264
2015-07-01,-0.0187391,0.2,-1739.0,-1.8,38.275465868038985,1.626274959925055,-1430.3134149344953,-1739.0,-2011.0,1.839548032253207,1.4383488308757884,0.4011992013774186,-0.02194112609735765,-0.320202609735765
2015-08-01,-0.0276667,0.1,-2713.0,-1.9,1.920319513421839,0.9220420261453794,-2187.1670910703797,-2713.0,-3042.0,1.2854721710271784,0.6946532205174769,0.5908189505097015,-0.03238210743812658,-0.4715407438126578
2015-09-01,-0.0370455,0.1,-2748.0,-1.9,-1.0143629182087575,0.8700329714905741,-1743.9832512867204,-2748.0,-339.0,1.5614249536564795,2.5289328716470636,-0.9675079179905841,-0.029323686017893744,0.7721813982106258
2015-10-01,-0.0535909,0.2,-2966.0,-1.8,-10.10616735601539,0.7154686628027845,-2001.7895224484175,-2966.0,-1739.0,1.3781606724284285,1.5587732260825826,-0.18061255365415407,-0.052149406327217325,0.1441493672782672
2015-11-01,-0.087619,0.1,-2944.0,-1.9,-10.340257565390216,0.7040837907093027,-1981.1056746360543,-2944.0,-2713.0,1.3739699501106297,0.8647906295638393,0.5091793205467904,-0.09168283030431781,-0.40638303043178114
2015-12-01,-0.1263182,0.3,-1387.0,-1.7,45.227061425660054,1.7082831729862875,-2352.534836447521,-1387.0,-2748.0,1.0516808539198745,0.7827487199812129,0.26893213393866167,-0.12846458441037073,-0.21463844103707386
2016-01-01,-0.14615,0.3,-4370.0,-1.7,-66.82672600235655,-0.3599512573254461,-1941.1371928623873,-4370.0,-2966.0,1.348724094698667,0.627745613379865,0.7209784813188019,-0.15190422858492766,-0.5754228584927662
2016-02-01,-0.1835714,-0.1,-4576.0,-2.1,-68.3106558032264,-0.5209396426593498,-2385.9573572803047,-4576.0,-2944.0,1.0345937376698284,0.6382297848994439,0.3963639527703845,-0.18673483531209742,-0.31634353120974235
2016-03-01,-0.2285238,-0.1,-3954.0,-2.1,-42.68567649241446,-0.0992460946127138,-2727.544844579215,-3954.0,-1387.0,0.7830024036055883,1.7473211320912079,-0.9643187284856196,-0.2208274393786912,0.7696360621308795
2016-04-01,-0.2491905,-0.1,-2126.0,-2.1,20.9988045868238,1.179291716004615,-2954.0655069939885,-2126.0,-4370.0,0.5792174897938392,-0.4468677526046845,1.0260852423985236,-0.2573798276781048,-0.8189327678104791
2016-05-01,-0.2571818,0.1,-1138.0,-1.9,55.265357189265394,1.848128440515232,-2726.0999277614965,-1138.0,-4576.0,0.6845567434214164,-0.6708311206454868,1.3553878640669033,-0.2679993372679801,-1.081753726798007
2016-06-01,-0.2679091,0.3,-1670.0,-1.7,31.651989296363524,1.4049413858743076,-1515.1821246530958,-1670.0,-3954.0,1.517332251621095,-0.25314063019171107,1.7704728818128062,-0.2820394879787526,-1.41303879787526
2016-07-01,-0.2945238,0.4,-2639.0,-1.6,-9.164536977359788,0.6772651464319904,-1626.0368552109742,-2639.0,-2126.0,1.4141947705187126,1.0504721079563033,0.36372266256240926,-0.29742672067812376,-0.2902920678123755
2016-08-01,-0.2982174,0.4,-4370.0,-1.6,-73.53958853511317,-0.6026546885916018,-1931.764293348732,-4370.0,-1138.0,1.1942443407261123,1.7792223576943207,-0.5849780169682084,-0.2935486098571437,0.4668790142856316
2016-09-01,-0.3016364,0.5,-3102.0,-1.5,-22.854026095892273,0.3063902487313013,-2844.0383597496184,-3102.0,-1670.0,0.5005603292442987,1.3842697146626362,-0.8837093854183374,-0.2945833936508486,0.7053006349151403
2016-10-01,-0.309,0.5,-3649.0,-1.5,-41.850985015626875,-0.13374496529033897,-2616.3417256043704,-3649.0,-2639.0,0.6617595666535894,0.6443048476850748,0.017454718968514582,-0.30913930851673516,-0.013930851673515932
2016-11-01,-0.3126818,0.7,-3387.0,-1.3,-30.250424341493165,0.0620956028660232,-3235.542313630665,-3387.0,-4370.0,0.17885359609883417,-0.6956943122239856,0.8745479083228198,-0.3196616873383222,-0.6979887338322166
2016-12-01,-0.3157619,0.8,2706.0,-1.2,223.427259198218,3.9876451115075344,-2439.006084670932,2706.0,-3102.0,0.6027518932177612,0.1665690058562933,0.43618288736146793,-0.31924313571472,-0.34812357147200323
2017-01-01,-0.3255455,1.6,-9523.0,-0.3999999999999999,-255.8012278992214,-3.661041417197956,-1163.2848507690028,-9523.0,-3649.0,1.342734759914143,-0.14511046330496752,1.4878452232191106,-0.33742019769934756,-1.187469769934757
2017-02-01,-0.3286,1.4,-5772.0,-0.6000000000000001,-100.73023256355691,-1.4106666058586723,-4505.6941637288055,-5772.0,-3387.0,-0.6545458206276171,0.01343492006381897,-0.6679807406914361,-0.32326875368424735,0.5331246315752658
2017-03-01,-0.3293478,1.4,-3084.0,-0.6000000000000001,-7.282848987812801,0.18581453916376073,-2119.895065973634,-3084.0,2706.0,0.7618425589810551,3.6451913315608797,-2.883348772579825,-0.30633539622180944,2.301240377819058
2017-04-01,-0.3303889,1.4,-3567.0,-0.6000000000000001,-22.593169127433733,-0.12557684584737716,-4052.7433291506536,-3567.0,-9523.0,-0.42044366127893373,-3.741121613830503,3.320677952551569,-0.3568916882121521,-2.650278821215213
2017-05-01,-0.3294545,0.9,-3104.0,-1.1,-6.65341271570703,0.13979179061474975,-2707.359396490897,-3104.0,-5772.0,0.38198937469360017,-1.4893484142557405,1.8713377889493406,-0.34438990469825226,-1.4935404698252275
2017-06-01,-0.33,0.8,-2233.0,-1.2,21.615370341028342,0.6491024390603856,-2317.261466160471,-2233.0,-3084.0,0.5976149299379109,0.12910352895487065,0.4685114009830402,-0.333739254035668,-0.3739254035667994
2017-07-01,-0.3304286,0.8,-4892.0,-1.2,-64.05399459446454,-0.9558156892119687,-2586.2913752294435,-4892.0,-3567.0,0.442510809776013,-0.15225248496062319,0.5947632947366361,-0.33517548779279394,-0.4746887792793919
2017-08-01,-0.329087,1.0,-4666.0,-1.0,-50.819836013310734,-0.8250858937359719,-3836.520090160996,-4666.0,-3104.0,-0.32034088299447644,0.12540331979907088,-0.4457442027935473,-0.32552945410960293,0.35575458903970847
2017-09-01,-0.329381,1.1,-3363.0,-0.8999999999999999,-8.20686602231062,-0.03313515793328337,-3246.4109369294033,-3363.0,-2233.0,0.03781428227591318,0.6545182577930324,-0.6167039755171192,-0.32445900061124155,0.49219993887584246
2017-10-01,-0.3295455,1.2,-3914.0,-0.8,-23.793473683735193,-0.3768322993090915,-3754.019028167044,-3914.0,-4892.0,-0.2790817901376254,-0.9744033550189796,0.6953215648813542,-0.3350949572002181,-0.55494572002181
2017-11-01,-0.329,1.2,-3381.0,-0.8,-6.48406228432351,-0.05313941293446872,-3702.5129764619164,-3381.0,-4666.0,-0.24963177444413193,-0.8384659875790693,0.5888342131349373,-0.33369956697571146,-0.46995669757114444
2017-12-01,-0.3278947,1.2,1366.0,-0.8,147.92528120292215,2.628368561769481,-1430.9666066985483,1366.0,-3363.0,1.0239996313167286,-0.08423467662936565,1.1082343079460941,-0.336739670687497,-0.8844970687497011
2018-01-01,-0.3284545,1.5,-6606.0,-0.5,-112.76938139932675,-1.9239327107115094,-4803.073643201363,-6606.0,-3914.0,-0.8982741156907296,-0.392493044106534,-0.5057810715841955,-0.32441779158881207,0.4036708411187917
2018-02-01,-0.3285,1.3,-7409.0,-0.7,-117.24568529577706,-2.2369644605714036,-4918.8935517419195,-7409.0,-3381.0,-0.8828074739701096,-0.046478046740982236,-0.8363294272291274,-0.3218251396244515,0.6674860375548541
2018-03-01,-0.3279048,1.7,-4166.0,-0.30000000000000004,-20.006225494624186,-0.45137063511357106,-3477.80165608551,-4166.0,1366.0,-0.07406125574636802,2.5815856431383803,-2.6556468988847484,-0.3067097162450938,2.1195083754906197
2018-04-01,-0.32845,1.8,-4358.0,-0.19999999999999996,-22.962162434200735,-0.5402239412578772,-4566.455689391948,-4358.0,-6606.0,-0.6543719869265745,-1.7712040445517339,1.1168320576251594,-0.3373635905121537,-0.891359051215368
2018-05-01,-0.3252273,2.3,-6508.0,0.2999999999999998,-72.6952905250627,-1.6624798886653043,-4899.460131436692,-6508.0,-7409.0,-0.8003882429997704,-2.1453678730796466,1.3449796300798762,-0.3359617677186404,-1.0734467718640395
2018-06-01,-0.3220476,2.3,-3110.0,0.2999999999999998,16.824533490961326,0.1636593813144683,-4022.883465100951,-3110.0,-4166.0,-0.3263169285976429,-0.40313255112845614,0.07681562253081325,-0.3226606760659143,-0.06130760659143197
2018-07-01,-0.3207273,2.6,-1288.0,0.6000000000000001,64.00454317473198,1.105040757958069,-4635.082036457633,-1288.0,-4358.0,-0.6758449053464999,-0.5284175578615283,-0.14742734748497155,-0.3195506620294099,0.11766379705900887
2018-08-01,-0.319,2.6,-6512.0,0.6000000000000001,-71.29125224442369,-1.60967532465241,-4244.6078587890215,-6512.0,-6508.0,-0.43050590738530925,-1.6075951040815573,1.177089196696248,-0.3283945110403983,-0.939451104039829
2018-09-01,-0.31885,2.5,-4469.0,0.5,-15.558032030513042,-0.5547491756563458,-4074.7013689120245,-4469.0,-3110.0,-0.3488888957966364,0.15477426305508865,-0.5036631588517251,-0.31483019494210396,0.4019805057896064
2018-10-01,-0.3176957,2.5,-3852.0,0.5,0.8653501105676311,-0.2292363895009256,-3552.374135486257,-3852.0,-1288.0,-0.07287316739092685,1.1088166601300216,-1.1816898275209484,-0.3082644706911844,0.9431229308815625
2018-11-01,-0.3163636,2.2,-2966.0,0.20000000000000018,22.73477715198927,0.23096243657189944,-4153.681567203528,-2966.0,-6512.0,-0.3886200707070098,-1.61889330907904,1.2302732383720303,-0.32618258020390645,-0.9818980203906424
2018-12-01,-0.3118947,1.9,277.0,-0.10000000000000009,107.74962480771278,1.8355567691706651,-1382.4752307690555,277.0,-4469.0,0.9953567936418524,-0.5673649574044457,1.562721751046298,-0.3243669975832931,-1.2472297583293102
2019-01-01,-0.308,1.4,-5830.0,-0.6000000000000001,-56.27121821875198,-1.287434755391458,-3675.844887815078,-5830.0,-3852.0,-0.17879583856565578,-0.26945431147601867,0.09065847291036289,-0.3087235577618523,-0.07235577618522893
2019-02-01,-0.30845,1.6,-5727.0,-0.3999999999999999,-47.354603797054615,-1.1937293372238729,-5682.983369231207,-5727.0,-2966.0,-1.1713214240755774,0.2118359859953298,-1.3831574100709072,-0.2974108301596935,1.1039169840306506
2019-03-01,-0.3091905,1.3,-5232.0,-0.7,-30.78313365451713,-0.9164888092863968,-3139.335347530505,-5232.0,277.0,0.14142177809513973,1.8684912975789,-1.7270695194837604,-0.295406520235455,1.3783979764544985
2019-04-01,-0.31045,1.5,-4477.0,-0.5,-10.398677440230951,-0.5260862247104927,-4788.674314978662,-4477.0,-5830.0,-0.6832813009100466,-1.2084810439186688,0.5251997430086223,-0.31464169150303745,-0.41916915030374424
2019-05-01,-0.3118636,1.1,-2686.0,-0.8999999999999999,32.48174979767345,0.3689924697092451,-5169.198015324666,-2686.0,-5727.0,-0.8820459220675844,-1.163067287917303,0.2810213658497186,-0.31410647023572463,-0.22428702357246144
2019-06-01,-0.3289,1.4,-3487.0,-0.6000000000000001,11.979188000199466,-0.03625389969659114,-3519.755485905648,-3487.0,-5232.0,-0.05275861272576668,-0.9155180415137252,0.8627594287879585,-0.3357858018591159,-0.6885801859115859
2019-07-01,-0.3648696,1.3,-2933.0,-0.7,24.882603242589806,0.2355922247474459,-2461.272891320874,-2933.0,-4477.0,0.47324688107125124,-0.5422701926831861,1.0155170737544372,-0.3729745816682337,-0.8104981668233702
2019-08-01,-0.4076818,1.3,-5908.0,-0.7,-45.38938558920596,-1.2372067148527428,-4373.170472592582,-5908.0,-2686.0,-0.4724201143312171,0.36827609865737815,-0.8406962129885953,-0.4009720877057154,0.6709712294284575
2019-09-01,-0.4175714,1.1,-5201.0,-0.8999999999999999,-24.885837972897818,-0.8656170378441694,-4143.5772379881055,-5201.0,-3487.0,-0.3421115565861415,-0.01705539590408357,-0.32505616068205795,-0.4149770820002697,0.25943179997302557
2019-10-01,-0.4128696,0.9,-2958.0,-1.1,27.84574070025482,0.24669346744292164,-3597.255287968489,-2958.0,-2933.0,-0.06995221274065384,0.25907684890999666,-0.3290290616506505,-0.41024357373031317,0.2626026269686832
2019-11-01,-0.4012857,1.2,-3441.0,-0.8,15.4868375199212,0.023177383798501493,-3648.9704047203913,-3441.0,-5908.0,-0.08063187443846245,-1.2082355205569941,1.1276036461185317,-0.41028526004386606,-0.899956004386604
2019-12-01,-0.3947,1.6,844.0,-0.3999999999999999,122.5577703977807,2.05094555849931,-2260.451790020025,844.0,-5201.0,0.5581640125490205,-0.8558041862313892,1.4139681987804096,-0.40598507498964204,-1.128507498964204
2020-01-01,-0.3911364,1.7,-7405.0,-0.30000000000000004,-84.88123342584151,-1.8297460084673207,-3599.33478081256,-7405.0,-2958.0,-0.053292738105413205,0.24607707077187316,-0.29936980887728637,-0.3887470883127011,0.23893116872988895
2020-02-01,-0.40885,1.6,-6367.0,-0.3999999999999999,-51.98853555614933,-1.2975253047956874,-5173.940675849935,-6367.0,-3441.0,-0.7467640487960416,0.05322683591703354,-0.7999908847130752,-0.40246516253844744,0.638483746155255
2020-03-01,-0.4166364,0.8,-2630.0,-1.2,35.7969486427868,0.42181426082758483,-3492.335470526859,-2630.0,844.0,0.02429278721046977,2.023267114605377,-1.9989743273949072,-0.4006823105045798,1.595408949542021
2020-04-01,-0.25405,0.4,-3575.0,-1.6,12.280650272858367,-0.0018056300214127187,-4245.62956783637,-3575.0,-7405.0,-0.31229508681532264,-1.775026908281821,1.4627318214664984,-0.2657242641802149,-1.1674264180214888
2020-05-01,-0.27195,0.4,-9085.0,-1.6,-104.11866350017095,-2.3817610228206507,-3208.0669707256384,-9085.0,-6367.0,0.204046469998847,-1.1858609288151962,1.3899073988140431,-0.283043042430377,-1.1093042430376954
2020-06-01,-0.376,0.2,-8180.0,-1.8,-72.35839788550106,-1.9006939977689263,-3760.5736071812744,-8180.0,-2630.0,0.01820428171633461,0.5090950801488748,-0.49089079843254024,-0.37208213291019226,0.3917867089807736
2020-07-01,-0.4441304,0.9,-4498.0,-1.1,5.585827493082958,-0.28379206613668484,-4582.186758421287,-4498.0,-3575.0,-0.3205756244821783,0.11949254613100815,-0.4400681706131865,-0.44061815530439236,0.3512244695607625
2020-08-01,-0.4797143,0.2,-5971.0,-1.8,-22.186726528043664,-0.8992516659795083,-5380.171231787015,-5971.0,-9085.0,-0.6423618719315753,-2.253205405458635,1.6108435335270597,-0.49257066415876416,-1.2856364158764177
2020-09-01,-0.4913636,0.0,-6586.0,-2.0,-30.47922041294015,-1.1287200607092736,-5540.724869957734,-6586.0,-8180.0,-0.6782769920928315,-1.8156265334857995,1.137349541392968,-0.5004409433766935,-0.9077343376693525
2020-10-01,-0.5091364,0.1,-3279.0,-1.9,33.92485595991583,0.29887133934165117,-4083.1179228413457,-3279.0,-4498.0,-0.0479387053010161,-0.22687424157894953,0.17893553627793343,-0.510564509166069,-0.1428109166068947
2020-11-01,-0.5208571,0.2,-1837.0,-1.8,61.5299239142688,0.9078696448958963,-3885.600686009619,-1837.0,-5971.0,0.02913223327715453,-0.86538977322915,0.8945220065063045,-0.527996403367654,-0.7139303367654004
2020-12-01,-0.5380909,0.0,284.0,-2.0,106.3672907127571,1.7746554330178343,-1397.1472560679563,284.0,-6586.0,1.0659396733078776,-1.1215080383946636,2.187447711702541,-0.5555492215405948,-1.745832154059479
2021-01-01,-0.54715,0.8,-5385.0,-1.2,-18.897672989463913,-0.6063286038407075,-4974.824146400382,-5385.0,-3279.0,-0.43390869347329025,0.27894128340245633,-0.7128499768757466,-0.5414606461288549,0.5689353871145109
2021-02-01,-0.5411,0.8,-4530.0,-1.2,0.41851667203413845,-0.2472672431879859,-5066.254057359273,-4530.0,-1837.0,-0.47270386305449635,0.8848469266412162,-1.3575507896957126,-0.5302652001246012,1.0834799875398815
2021-03-01,-0.539087,1.4,-5975.0,-0.6000000000000001,-27.898787482796223,-0.8355006652865267,-3062.192774083574,-5975.0,284.0,0.38162980504276967,1.779852505763955,-1.3982227007211852,-0.5279275919995454,1.1159408000454563
2021-04-01,-0.53815,1.6,-4588.0,-0.3999999999999999,2.151625937714574,-0.23990968361464135,-4737.496318764243,-4588.0,-5385.0,-0.30267032513744235,-0.5745014089623388,0.27183108382489646,-0.5403195213287864,-0.2169521328786339
2021-05-01,-0.5400952,1.8,-5476.0,-0.19999999999999996,-14.830526801839786,-0.5880620135758945,-7022.150633986697,-5476.0,-4530.0,-1.2435221523564768,-0.18702392774183374,-1.056498224614643,-0.5316631421209872,0.84320578790128
2021-06-01,-0.5429091,1.9,-3420.0,-0.10000000000000009,27.17932943364,0.2983925774981676,-6941.815357807278,-3420.0,-5975.0,-1.2071712655519122,-0.7938610553738958,-0.4133102101780164,-0.539610414272933,0.3298685727067041
2021-07-01,-0.5448182,1.5,-4715.0,-0.5,0.1019116138373856,-0.24113574216888156,-3999.7121420506674,-4715.0,-4588.0,0.06555250197551568,-0.18668296974634943,0.2522354717218651,-0.5468313260490046,-0.201312604900461
2021-08-01,-0.5475909,2.4,-6944.0,0.3999999999999999,-41.67009288967819,-1.1646814095962006,-6053.1283706097565,-6944.0,-5476.0,-0.7871730871764488,-0.5426139878551598,-0.24455909932128905,-0.545639040136659,0.195185986334101
2021-09-01,-0.5450455,2.7,-6273.0,0.7000000000000002,-24.783909465577484,-0.8541196226508339,-6226.519171668452,-6273.0,-3420.0,-0.8345112030018733,0.3494480476730738,-1.1839592506749472,-0.5355961581123454,0.9449341887654561
2021-10-01,-0.5498095,3.2,-5273.0,1.2000000000000002,-3.900216503917479,-0.4204310010340523,-4955.92728806624,-5273.0,-4715.0,-0.286800863977854,-0.1852621778789829,-0.1015386860988711,-0.5489991057577788,0.08103942422211796
2021-11-01,-0.5673636,3.4,-7861.0,1.4,-48.140223222571464,-1.454254258942026,-4258.079737771796,-7861.0,-6944.0,0.038066237788525366,-1.0744351693467038,1.1125014071352293,-0.576242626993982,-0.887902699398202
2021-12-01,-0.5819565,3.4,-6978.0,1.4,-27.70238963901222,-1.094858291951784,-3882.809376114699,-6978.0,-6273.0,0.27900541611163965,-0.7819296130042758,1.0609350291159154,-0.5904239686269733,-0.846746862697334
2022-01-01,-0.5601429,3.3,-8065.0,1.2999999999999998,-41.6639084585885,-1.6224189046285655,-6151.357144112741,-8065.0,-5273.0,-0.7546708170894029,-0.3563766786186167,-0.39829413847078615,-0.5569640596099159,0.3178840390084092
2022-02-01,-0.5315,4.2,-8386.0,2.2,-41.303676786748355,-1.708672937959503,-7552.081482282561,-8386.0,-7861.0,-1.3390841843057406,-1.4759954145422398,0.1369112302364992,-0.5325927073900782,-0.10927073900782736
2022-03-01,-0.4954348,5.1,-13215.0,3.0999999999999996,-102.91060201644471,-3.3913423081295004,-8475.916727930657,-13215.0,-6978.0,-1.5039776675074525,-0.9074245143738423,-0.5965531531336102,-0.49067362710076023,0.4761172899239774
2022-04-01,-0.4478947,5.4,-11968.0,3.4000000000000004,-71.52870904586376,-2.6642904243222993,-9590.021987769138,-11968.0,-8065.0,-1.77551454504384,-1.205533345619063,-0.5699811994247772,-0.4433456015239927,0.4549098476007263
2022-05-01,-0.3857273,5.8,-13955.0,3.8,-84.47670754608406,-3.0676813861305505,-10268.116627878331,-13955.0,-8386.0,-1.8018002843545555,-1.1555807997439334,-0.6462194846106222,-0.3805697332669654,0.515756673303458
2022-06-01,-0.2392273,6.5,-10781.0,4.5,-36.490741116500644,-1.8839751265178584,-12062.838387145914,-10781.0,-13215.0,-2.3138220472733573,-2.700183639917522,0.3863615926441648,-0.242310905097956,-0.30836050979559937
2022-07-01,0.036619,6.8,-10791.0,4.8,-31.319684382102547,-1.8018544419044855,-11137.57647419668,-10791.0,-11968.0,-1.914783429660219,-2.1853698504705945,0.2705864208103754,0.03445941249820347,-0.21595875017965255
2022-08-01,0.3947391,6.6,-13594.0,4.6,-55.86780123090691,-2.517634398243124,-11975.162470743468,-13594.0,-13955.0,-2.019636335702151,-2.628687730564388,0.6090513948622367,0.3898781769117051,-0.48609230882948884
2022-09-01,1.0108636,6.2,-13231.0,4.2,-44.18786982594447,-2.2572906952235727,-12234.166071231251,-13231.0,-10781.0,-1.963407137806421,-1.534989120347986,-0.4284180174584351,1.0142828632182974,0.34192632182974414
2022-10-01,1.4276667,7.1,-9580.0,5.1,-2.4967164219873403,-1.1423923558575089,-12789.81337427298,-9580.0,-10791.0,-2.0799340673425584,-1.4961085632779827,-0.5838255040645757,1.4323262917785966,0.4659591778596539
2022-11-01,1.8252273,7.1,-11053.0,5.1,-14.996215527615592,-1.510615436006016,-12242.951078353944,-11053.0,-13594.0,-1.8525982318063507,-2.2408793093277346,0.38828107752138386,1.8221283752288013,-0.30989247711987744
2022-12-01,2.0634762,6.7,-10029.0,4.7,-2.4657440626574854,-1.1917845494945465,-11526.409612622057,-10029.0,-13231.0,-1.6332560412446113,-2.1358092866601415,0.5025532454155301,2.0594652533141455,-0.4010946685854666
